<?xml version="1.0" encoding="UTF-8" standalone="yes"?>
<ns2:ExportManifest xmlns:ns2="http://www.pentaho.com/schema/">
    <ExportManifestInformation exportDate="23-06-2017 02:37:44 GMT+08:00" exportBy="admin" rootFolder="/public/dashboard/" manifestVersion="2"/>
    <ExportManifestEntity path="OperationsDirector">
        <ExportManifestProperty>
            <EntityMetaData name="OperationsDirector" createdDate="2017-06-18T16:12:44.933+08:00" isFolder="true" path="OperationsDirector" isHidden="false" locale="zh_CN" title="OperationsDirector"/>
        </ExportManifestProperty>
        <ExportManifestProperty>
            <EntityAcl>
                <entriesInheriting>true</entriesInheriting>
                <owner>admin</owner>
                <ownerType>USER</ownerType>
            </EntityAcl>
        </ExportManifestProperty>
    </ExportManifestEntity>
    <ExportManifestEntity path="OperationsDirector/OperationsDirector.cda">
        <ExportManifestProperty>
            <EntityMetaData name="OperationsDirector.cda" createdDate="2017-06-18T16:12:56.750+08:00" isFolder="false" path="OperationsDirector/OperationsDirector.cda" isHidden="false" locale="zh_CN" title="OperationsDirector"/>
        </ExportManifestProperty>
        <ExportManifestProperty>
            <EntityAcl>
                <entriesInheriting>true</entriesInheriting>
                <owner>admin</owner>
                <ownerType>USER</ownerType>
            </EntityAcl>
        </ExportManifestProperty>
    </ExportManifestEntity>
    <ExportManifestEntity path="OperationsDirector/OperationsDirector.cdfde">
        <ExportManifestProperty>
            <EntityMetaData name="OperationsDirector.cdfde" createdDate="2017-06-18T16:12:56.806+08:00" isFolder="false" path="OperationsDirector/OperationsDirector.cdfde" isHidden="false" locale="zh_CN" title="OperationsDirector"/>
        </ExportManifestProperty>
        <ExportManifestProperty>
            <EntityAcl>
                <entriesInheriting>true</entriesInheriting>
                <owner>admin</owner>
                <ownerType>USER</ownerType>
            </EntityAcl>
        </ExportManifestProperty>
    </ExportManifestEntity>
    <ExportManifestEntity path="OperationsDirector/OperationsDirector.min.css">
        <ExportManifestProperty>
            <EntityMetaData name="OperationsDirector.min.css" createdDate="2017-06-18T16:12:56.867+08:00" isFolder="false" path="OperationsDirector/OperationsDirector.min.css" isHidden="true" locale="zh_CN" title="OperationsDirector.min"/>
        </ExportManifestProperty>
        <ExportManifestProperty>
            <EntityAcl>
                <entriesInheriting>true</entriesInheriting>
                <owner>admin</owner>
                <ownerType>USER</ownerType>
            </EntityAcl>
        </ExportManifestProperty>
    </ExportManifestEntity>
    <ExportManifestEntity path="OperationsDirector/OperationsDirector.min.js">
        <ExportManifestProperty>
            <EntityMetaData name="OperationsDirector.min.js" createdDate="2017-06-23T14:10:04.902+08:00" isFolder="false" path="OperationsDirector/OperationsDirector.min.js" isHidden="true" locale="zh_CN" title="OperationsDirector.min"/>
        </ExportManifestProperty>
        <ExportManifestProperty>
            <EntityAcl>
                <entriesInheriting>true</entriesInheriting>
                <owner>admin</owner>
                <ownerType>USER</ownerType>
            </EntityAcl>
        </ExportManifestProperty>
    </ExportManifestEntity>
    <ExportManifestEntity path="OperationsDirector/OperationsDirector.wcdf">
        <ExportManifestProperty>
            <EntityMetaData name="OperationsDirector.wcdf" createdDate="2017-06-18T16:12:56.701+08:00" isFolder="false" path="OperationsDirector/OperationsDirector.wcdf" isHidden="false" locale="zh_CN" title="OperationsDirector"/>
        </ExportManifestProperty>
        <ExportManifestProperty>
            <EntityAcl>
                <entriesInheriting>true</entriesInheriting>
                <owner>admin</owner>
                <ownerType>USER</ownerType>
            </EntityAcl>
        </ExportManifestProperty>
    </ExportManifestEntity>
    <ExportManifestEntity path="OperationsDirector/echarts_3_6_2.min.js">
        <ExportManifestProperty>
            <EntityMetaData name="echarts_3_6_2.min.js" createdDate="2017-06-23T09:49:43.604+08:00" isFolder="false" path="OperationsDirector/echarts_3_6_2.min.js" isHidden="true" locale="zh_CN" title="echarts_3_6_2.min"/>
        </ExportManifestProperty>
        <ExportManifestProperty>
            <EntityAcl>
                <entriesInheriting>true</entriesInheriting>
                <owner>admin</owner>
                <ownerType>USER</ownerType>
            </EntityAcl>
        </ExportManifestProperty>
    </ExportManifestEntity>
</ns2:ExportManifest>
