<?xml version="1.0" encoding="UTF-8" standalone="yes"?>
<ns2:ExportManifest xmlns:ns2="http://www.pentaho.com/schema/">
    <ExportManifestInformation exportDate="30-06-2017 06:07:29 GMT+08:00" exportBy="admin" rootFolder="/public/dashboard/" manifestVersion="2"/>
    <ExportManifestEntity path="PentahoCDEFilter">
        <ExportManifestProperty>
            <EntityMetaData name="PentahoCDEFilter" createdDate="2017-06-30T10:23:33.841+08:00" isFolder="true" path="PentahoCDEFilter" isHidden="false" locale="zh_CN" title="PentahoCDEFilter"/>
        </ExportManifestProperty>
        <ExportManifestProperty>
            <EntityAcl>
                <entriesInheriting>true</entriesInheriting>
                <owner>admin</owner>
                <ownerType>USER</ownerType>
            </EntityAcl>
        </ExportManifestProperty>
    </ExportManifestEntity>
    <ExportManifestEntity path="PentahoCDEFilter/PentahoCDEFilter.cdfde">
        <ExportManifestProperty>
            <EntityMetaData name="PentahoCDEFilter.cdfde" createdDate="2017-06-30T10:25:06.496+08:00" isFolder="false" path="PentahoCDEFilter/PentahoCDEFilter.cdfde" isHidden="false" locale="zh_CN" title="PentahoCDEFilter.cdfde"/>
        </ExportManifestProperty>
        <ExportManifestProperty>
            <EntityAcl>
                <entriesInheriting>true</entriesInheriting>
                <owner>admin</owner>
                <ownerType>USER</ownerType>
            </EntityAcl>
        </ExportManifestProperty>
    </ExportManifestEntity>
    <ExportManifestEntity path="PentahoCDEFilter/PentahoCDEFilter.wcdf">
        <ExportManifestProperty>
            <EntityMetaData name="PentahoCDEFilter.wcdf" createdDate="2017-06-30T10:25:06.398+08:00" isFolder="false" path="PentahoCDEFilter/PentahoCDEFilter.wcdf" isHidden="false" locale="zh_CN" description="Pentaho CDE筛选" title="Pentaho CDE筛选"/>
        </ExportManifestProperty>
        <ExportManifestProperty>
            <EntityAcl>
                <entriesInheriting>true</entriesInheriting>
                <owner>admin</owner>
                <ownerType>USER</ownerType>
            </EntityAcl>
        </ExportManifestProperty>
    </ExportManifestEntity>
    <ExportManifestEntity path="PentahoCDEFilter/close.gif">
        <ExportManifestProperty>
            <EntityMetaData name="close.gif" createdDate="2017-06-30T13:44:55.581+08:00" isFolder="false" path="PentahoCDEFilter/close.gif" isHidden="true" locale="zh_CN" title="close"/>
        </ExportManifestProperty>
        <ExportManifestProperty>
            <EntityAcl>
                <entriesInheriting>true</entriesInheriting>
                <owner>admin</owner>
                <ownerType>USER</ownerType>
            </EntityAcl>
        </ExportManifestProperty>
    </ExportManifestEntity>
    <ExportManifestEntity path="PentahoCDEFilter/jQuery_1_8_0.min.js">
        <ExportManifestProperty>
            <EntityMetaData name="jQuery_1_8_0.min.js" createdDate="2017-06-30T13:34:54.563+08:00" isFolder="false" path="PentahoCDEFilter/jQuery_1_8_0.min.js" isHidden="true" locale="zh_CN" title="jQuery_1_8_0.min"/>
        </ExportManifestProperty>
        <ExportManifestProperty>
            <EntityAcl>
                <entriesInheriting>true</entriesInheriting>
                <owner>admin</owner>
                <ownerType>USER</ownerType>
            </EntityAcl>
        </ExportManifestProperty>
    </ExportManifestEntity>
    <ExportManifestEntity path="PentahoCDEFilter/script.js">
        <ExportManifestProperty>
            <EntityMetaData name="script.js" createdDate="2017-06-30T10:25:49.311+08:00" isFolder="false" path="PentahoCDEFilter/script.js" isHidden="true" locale="zh_CN" title="script"/>
        </ExportManifestProperty>
        <ExportManifestProperty>
            <EntityAcl>
                <entriesInheriting>true</entriesInheriting>
                <owner>admin</owner>
                <ownerType>USER</ownerType>
            </EntityAcl>
        </ExportManifestProperty>
    </ExportManifestEntity>
    <ExportManifestEntity path="PentahoCDEFilter/style.css">
        <ExportManifestProperty>
            <EntityMetaData name="style.css" createdDate="2017-06-30T10:26:04.982+08:00" isFolder="false" path="PentahoCDEFilter/style.css" isHidden="true" locale="zh_CN" title="style"/>
        </ExportManifestProperty>
        <ExportManifestProperty>
            <EntityAcl>
                <entriesInheriting>true</entriesInheriting>
                <owner>admin</owner>
                <ownerType>USER</ownerType>
            </EntityAcl>
        </ExportManifestProperty>
    </ExportManifestEntity>
</ns2:ExportManifest>
