<?xml version="1.0" encoding="UTF-8" standalone="yes"?>
<ns2:ExportManifest xmlns:ns2="http://www.pentaho.com/schema/">
    <ExportManifestInformation exportDate="11-07-2017 10:51:18 GMT+08:00" exportBy="admin" rootFolder="/public/" manifestVersion="2"/>
    <ExportManifestEntity path="Steel Wheels">
        <ExportManifestProperty>
            <EntityMetaData name="Steel Wheels" createdDate="2017-07-10T13:55:18.983+08:00" isFolder="true" path="Steel Wheels" isHidden="false" isSchedulable="false" locale="en_US" description="Reporting, Analysis, and Dashboarding Samples for Steel Wheels, Inc." title="Steel Wheels"/>
        </ExportManifestProperty>
        <ExportManifestProperty>
            <EntityAcl>
                <entriesInheriting>true</entriesInheriting>
                <owner>admin</owner>
                <ownerType>USER</ownerType>
            </EntityAcl>
        </ExportManifestProperty>
    </ExportManifestEntity>
    <ExportManifestEntity path="Steel Wheels/Analysis">
        <ExportManifestProperty>
            <EntityMetaData name="Analysis" createdDate="2017-07-10T13:55:19.284+08:00" isFolder="true" path="Steel Wheels/Analysis" isHidden="false" isSchedulable="false" locale="en_US" title="Analysis"/>
        </ExportManifestProperty>
        <ExportManifestProperty>
            <EntityAcl>
                <entriesInheriting>true</entriesInheriting>
                <owner>admin</owner>
                <ownerType>USER</ownerType>
            </EntityAcl>
        </ExportManifestProperty>
    </ExportManifestEntity>
    <ExportManifestEntity path="Steel Wheels/Analysis/2005 Q1 Product Analysis.xjpivot.xjpivot">
        <ExportManifestProperty>
            <EntityMetaData name="2005 Q1 Product Analysis.xjpivot.xjpivot" createdDate="2017-07-10T13:56:32.154+08:00" isFolder="false" path="Steel Wheels/Analysis/2005 Q1 Product Analysis.xjpivot.xjpivot" isHidden="false" isSchedulable="true" locale="en_US" title="2005 Q1 Product Analysis.xjpivot.xjpivot"/>
        </ExportManifestProperty>
        <ExportManifestProperty>
            <EntityAcl>
                <entriesInheriting>true</entriesInheriting>
                <owner>admin</owner>
                <ownerType>USER</ownerType>
            </EntityAcl>
        </ExportManifestProperty>
    </ExportManifestEntity>
    <ExportManifestEntity path="Steel Wheels/Analysis/Yearly Sales by Market.xjpivot.xjpivot">
        <ExportManifestProperty>
            <EntityMetaData name="Yearly Sales by Market.xjpivot.xjpivot" createdDate="2017-07-10T13:55:55.891+08:00" isFolder="false" path="Steel Wheels/Analysis/Yearly Sales by Market.xjpivot.xjpivot" isHidden="false" isSchedulable="true" locale="en_US" title="Yearly Sales by Market.xjpivot.xjpivot"/>
        </ExportManifestProperty>
        <ExportManifestProperty>
            <EntityAcl>
                <entriesInheriting>true</entriesInheriting>
                <owner>admin</owner>
                <ownerType>USER</ownerType>
            </EntityAcl>
        </ExportManifestProperty>
    </ExportManifestEntity>
    <ExportManifestEntity path="Steel Wheels/Dashboards">
        <ExportManifestProperty>
            <EntityMetaData name="Dashboards" createdDate="2017-07-10T13:55:19.221+08:00" isFolder="true" path="Steel Wheels/Dashboards" isHidden="false" isSchedulable="false" locale="en_US" title="Dashboards"/>
        </ExportManifestProperty>
        <ExportManifestProperty>
            <EntityAcl>
                <entriesInheriting>true</entriesInheriting>
                <owner>admin</owner>
                <ownerType>USER</ownerType>
            </EntityAcl>
        </ExportManifestProperty>
    </ExportManifestEntity>
    <ExportManifestEntity path="Steel Wheels/Dashboards/CTools_dashboard.cda">
        <ExportManifestProperty>
            <EntityMetaData name="CTools_dashboard.cda" createdDate="2017-07-10T13:56:24.854+08:00" isFolder="false" path="Steel Wheels/Dashboards/CTools_dashboard.cda" isHidden="true" isSchedulable="true" locale="en_US" title="CTools_dashboard"/>
        </ExportManifestProperty>
        <ExportManifestProperty>
            <EntityAcl>
                <entriesInheriting>true</entriesInheriting>
                <owner>admin</owner>
                <ownerType>USER</ownerType>
            </EntityAcl>
        </ExportManifestProperty>
    </ExportManifestEntity>
    <ExportManifestEntity path="Steel Wheels/Dashboards/CTools_dashboard.cdfde">
        <ExportManifestProperty>
            <EntityMetaData name="CTools_dashboard.cdfde" createdDate="2017-07-10T13:56:15.629+08:00" isFolder="false" path="Steel Wheels/Dashboards/CTools_dashboard.cdfde" isHidden="true" isSchedulable="true" locale="en_US" title="CTools_dashboard.cdfde"/>
        </ExportManifestProperty>
        <ExportManifestProperty>
            <EntityAcl>
                <entriesInheriting>true</entriesInheriting>
                <owner>admin</owner>
                <ownerType>USER</ownerType>
            </EntityAcl>
        </ExportManifestProperty>
    </ExportManifestEntity>
    <ExportManifestEntity path="Steel Wheels/Dashboards/CTools_dashboard.wcdf">
        <ExportManifestProperty>
            <EntityMetaData name="CTools_dashboard.wcdf" createdDate="2017-07-10T13:56:15.568+08:00" isFolder="false" path="Steel Wheels/Dashboards/CTools_dashboard.wcdf" isHidden="false" isSchedulable="true" locale="en_US" title="CTools Dashboard"/>
        </ExportManifestProperty>
        <ExportManifestProperty>
            <EntityAcl>
                <entriesInheriting>true</entriesInheriting>
                <owner>admin</owner>
                <ownerType>USER</ownerType>
            </EntityAcl>
        </ExportManifestProperty>
    </ExportManifestEntity>
    <ExportManifestEntity path="Steel Wheels/Dashboards/CTools_dashboard_files">
        <ExportManifestProperty>
            <EntityMetaData name="CTools_dashboard_files" createdDate="2017-07-10T13:55:19.244+08:00" isFolder="true" path="Steel Wheels/Dashboards/CTools_dashboard_files" isHidden="true" isSchedulable="false" locale="en_US" title="CTools_dashboard_files"/>
        </ExportManifestProperty>
        <ExportManifestProperty>
            <EntityAcl>
                <entriesInheriting>true</entriesInheriting>
                <owner>admin</owner>
                <ownerType>USER</ownerType>
            </EntityAcl>
        </ExportManifestProperty>
    </ExportManifestEntity>
    <ExportManifestEntity path="Steel Wheels/Dashboards/CTools_dashboard_files/css">
        <ExportManifestProperty>
            <EntityMetaData name="css" createdDate="2017-07-10T13:56:20.833+08:00" isFolder="true" path="Steel Wheels/Dashboards/CTools_dashboard_files/css" isHidden="false" isSchedulable="false" locale="en_US" title="css"/>
        </ExportManifestProperty>
        <ExportManifestProperty>
            <EntityAcl>
                <entriesInheriting>true</entriesInheriting>
                <owner>admin</owner>
                <ownerType>USER</ownerType>
            </EntityAcl>
        </ExportManifestProperty>
    </ExportManifestEntity>
    <ExportManifestEntity path="Steel Wheels/Dashboards/CTools_dashboard_files/css/steelwheels.css">
        <ExportManifestProperty>
            <EntityMetaData name="steelwheels.css" createdDate="2017-07-10T13:56:20.858+08:00" isFolder="false" path="Steel Wheels/Dashboards/CTools_dashboard_files/css/steelwheels.css" isHidden="true" isSchedulable="true" locale="en_US" title="steelwheels.css"/>
        </ExportManifestProperty>
        <ExportManifestProperty>
            <EntityAcl>
                <entriesInheriting>true</entriesInheriting>
                <owner>admin</owner>
                <ownerType>USER</ownerType>
            </EntityAcl>
        </ExportManifestProperty>
    </ExportManifestEntity>
    <ExportManifestEntity path="Steel Wheels/Dashboards/CTools_dashboard_files/img">
        <ExportManifestProperty>
            <EntityMetaData name="img" createdDate="2017-07-10T13:55:40.071+08:00" isFolder="true" path="Steel Wheels/Dashboards/CTools_dashboard_files/img" isHidden="false" isSchedulable="false" locale="en_US" title="img"/>
        </ExportManifestProperty>
        <ExportManifestProperty>
            <EntityAcl>
                <entriesInheriting>true</entriesInheriting>
                <owner>admin</owner>
                <ownerType>USER</ownerType>
            </EntityAcl>
        </ExportManifestProperty>
    </ExportManifestEntity>
    <ExportManifestEntity path="Steel Wheels/Dashboards/CTools_dashboard_files/img/calendar-hover.png">
        <ExportManifestProperty>
            <EntityMetaData name="calendar-hover.png" createdDate="2017-07-10T13:55:46.930+08:00" isFolder="false" path="Steel Wheels/Dashboards/CTools_dashboard_files/img/calendar-hover.png" isHidden="true" isSchedulable="true" locale="en_US" title="calendar-hover.png"/>
        </ExportManifestProperty>
        <ExportManifestProperty>
            <EntityAcl>
                <entriesInheriting>true</entriesInheriting>
                <owner>admin</owner>
                <ownerType>USER</ownerType>
            </EntityAcl>
        </ExportManifestProperty>
    </ExportManifestEntity>
    <ExportManifestEntity path="Steel Wheels/Dashboards/CTools_dashboard_files/img/calendar-hover.svg">
        <ExportManifestProperty>
            <EntityMetaData name="calendar-hover.svg" createdDate="2017-07-10T13:55:46.966+08:00" isFolder="false" path="Steel Wheels/Dashboards/CTools_dashboard_files/img/calendar-hover.svg" isHidden="true" isSchedulable="true" locale="en_US" title="calendar-hover.svg"/>
        </ExportManifestProperty>
        <ExportManifestProperty>
            <EntityAcl>
                <entriesInheriting>true</entriesInheriting>
                <owner>admin</owner>
                <ownerType>USER</ownerType>
            </EntityAcl>
        </ExportManifestProperty>
    </ExportManifestEntity>
    <ExportManifestEntity path="Steel Wheels/Dashboards/CTools_dashboard_files/img/calendar.png">
        <ExportManifestProperty>
            <EntityMetaData name="calendar.png" createdDate="2017-07-10T13:56:25.015+08:00" isFolder="false" path="Steel Wheels/Dashboards/CTools_dashboard_files/img/calendar.png" isHidden="true" isSchedulable="true" locale="en_US" title="calendar.png"/>
        </ExportManifestProperty>
        <ExportManifestProperty>
            <EntityAcl>
                <entriesInheriting>true</entriesInheriting>
                <owner>admin</owner>
                <ownerType>USER</ownerType>
            </EntityAcl>
        </ExportManifestProperty>
    </ExportManifestEntity>
    <ExportManifestEntity path="Steel Wheels/Dashboards/CTools_dashboard_files/img/calendar.svg">
        <ExportManifestProperty>
            <EntityMetaData name="calendar.svg" createdDate="2017-07-10T13:56:25.101+08:00" isFolder="false" path="Steel Wheels/Dashboards/CTools_dashboard_files/img/calendar.svg" isHidden="true" isSchedulable="true" locale="en_US" title="calendar.svg"/>
        </ExportManifestProperty>
        <ExportManifestProperty>
            <EntityAcl>
                <entriesInheriting>true</entriesInheriting>
                <owner>admin</owner>
                <ownerType>USER</ownerType>
            </EntityAcl>
        </ExportManifestProperty>
    </ExportManifestEntity>
    <ExportManifestEntity path="Steel Wheels/Dashboards/CTools_dashboard_files/img/check.png">
        <ExportManifestProperty>
            <EntityMetaData name="check.png" createdDate="2017-07-10T13:55:47.088+08:00" isFolder="false" path="Steel Wheels/Dashboards/CTools_dashboard_files/img/check.png" isHidden="true" isSchedulable="true" locale="en_US" title="check.png"/>
        </ExportManifestProperty>
        <ExportManifestProperty>
            <EntityAcl>
                <entriesInheriting>true</entriesInheriting>
                <owner>admin</owner>
                <ownerType>USER</ownerType>
            </EntityAcl>
        </ExportManifestProperty>
    </ExportManifestEntity>
    <ExportManifestEntity path="Steel Wheels/Dashboards/CTools_dashboard_files/img/check.svg">
        <ExportManifestProperty>
            <EntityMetaData name="check.svg" createdDate="2017-07-10T13:55:40.083+08:00" isFolder="false" path="Steel Wheels/Dashboards/CTools_dashboard_files/img/check.svg" isHidden="true" isSchedulable="true" locale="en_US" title="check.svg"/>
        </ExportManifestProperty>
        <ExportManifestProperty>
            <EntityAcl>
                <entriesInheriting>true</entriesInheriting>
                <owner>admin</owner>
                <ownerType>USER</ownerType>
            </EntityAcl>
        </ExportManifestProperty>
    </ExportManifestEntity>
    <ExportManifestEntity path="Steel Wheels/Dashboards/CTools_dashboard_files/img/footer-bg.png">
        <ExportManifestProperty>
            <EntityMetaData name="footer-bg.png" createdDate="2017-07-10T13:55:47.038+08:00" isFolder="false" path="Steel Wheels/Dashboards/CTools_dashboard_files/img/footer-bg.png" isHidden="true" isSchedulable="true" locale="en_US" title="footer-bg.png"/>
        </ExportManifestProperty>
        <ExportManifestProperty>
            <EntityAcl>
                <entriesInheriting>true</entriesInheriting>
                <owner>admin</owner>
                <ownerType>USER</ownerType>
            </EntityAcl>
        </ExportManifestProperty>
    </ExportManifestEntity>
    <ExportManifestEntity path="Steel Wheels/Dashboards/CTools_dashboard_files/img/header-bg.png">
        <ExportManifestProperty>
            <EntityMetaData name="header-bg.png" createdDate="2017-07-10T13:56:25.049+08:00" isFolder="false" path="Steel Wheels/Dashboards/CTools_dashboard_files/img/header-bg.png" isHidden="true" isSchedulable="true" locale="en_US" title="header-bg.png"/>
        </ExportManifestProperty>
        <ExportManifestProperty>
            <EntityAcl>
                <entriesInheriting>true</entriesInheriting>
                <owner>admin</owner>
                <ownerType>USER</ownerType>
            </EntityAcl>
        </ExportManifestProperty>
    </ExportManifestEntity>
    <ExportManifestEntity path="Steel Wheels/Dashboards/CTools_dashboard_files/img/pentaho-logo.png">
        <ExportManifestProperty>
            <EntityMetaData name="pentaho-logo.png" createdDate="2017-07-10T13:56:13.139+08:00" isFolder="false" path="Steel Wheels/Dashboards/CTools_dashboard_files/img/pentaho-logo.png" isHidden="true" isSchedulable="true" locale="en_US" title="pentaho-logo.png"/>
        </ExportManifestProperty>
        <ExportManifestProperty>
            <EntityAcl>
                <entriesInheriting>true</entriesInheriting>
                <owner>admin</owner>
                <ownerType>USER</ownerType>
            </EntityAcl>
        </ExportManifestProperty>
    </ExportManifestEntity>
    <ExportManifestEntity path="Steel Wheels/Dashboards/CTools_dashboard_files/img/pentaho-logo.svg">
        <ExportManifestProperty>
            <EntityMetaData name="pentaho-logo.svg" createdDate="2017-07-10T13:55:47.129+08:00" isFolder="false" path="Steel Wheels/Dashboards/CTools_dashboard_files/img/pentaho-logo.svg" isHidden="true" isSchedulable="true" locale="en_US" title="pentaho-logo.svg"/>
        </ExportManifestProperty>
        <ExportManifestProperty>
            <EntityAcl>
                <entriesInheriting>true</entriesInheriting>
                <owner>admin</owner>
                <ownerType>USER</ownerType>
            </EntityAcl>
        </ExportManifestProperty>
    </ExportManifestEntity>
    <ExportManifestEntity path="Steel Wheels/Dashboards/CTools_dashboard_files/js">
        <ExportManifestProperty>
            <EntityMetaData name="js" createdDate="2017-07-10T13:56:27.068+08:00" isFolder="true" path="Steel Wheels/Dashboards/CTools_dashboard_files/js" isHidden="false" isSchedulable="false" locale="en_US" title="js"/>
        </ExportManifestProperty>
        <ExportManifestProperty>
            <EntityAcl>
                <entriesInheriting>true</entriesInheriting>
                <owner>admin</owner>
                <ownerType>USER</ownerType>
            </EntityAcl>
        </ExportManifestProperty>
    </ExportManifestEntity>
    <ExportManifestEntity path="Steel Wheels/Dashboards/CTools_dashboard_files/js/steelwheels.js">
        <ExportManifestProperty>
            <EntityMetaData name="steelwheels.js" createdDate="2017-07-10T13:56:27.080+08:00" isFolder="false" path="Steel Wheels/Dashboards/CTools_dashboard_files/js/steelwheels.js" isHidden="true" isSchedulable="true" locale="en_US" title="steelwheels.js"/>
        </ExportManifestProperty>
        <ExportManifestProperty>
            <EntityAcl>
                <entriesInheriting>true</entriesInheriting>
                <owner>admin</owner>
                <ownerType>USER</ownerType>
            </EntityAcl>
        </ExportManifestProperty>
    </ExportManifestEntity>
    <ExportManifestEntity path="Steel Wheels/Dashboards/Home Dashboard.xcdf">
        <ExportManifestProperty>
            <EntityMetaData name="Home Dashboard.xcdf" createdDate="2017-07-10T13:56:24.908+08:00" isFolder="false" path="Steel Wheels/Dashboards/Home Dashboard.xcdf" isHidden="false" isSchedulable="true" locale="en_US" title="Home Dashboard"/>
        </ExportManifestProperty>
        <ExportManifestProperty>
            <EntityAcl>
                <entriesInheriting>true</entriesInheriting>
                <owner>admin</owner>
                <ownerType>USER</ownerType>
            </EntityAcl>
        </ExportManifestProperty>
    </ExportManifestEntity>
    <ExportManifestEntity path="Steel Wheels/Dashboards/home_dashboard.html">
        <ExportManifestProperty>
            <EntityMetaData name="home_dashboard.html" createdDate="2017-07-10T13:56:24.966+08:00" isFolder="false" path="Steel Wheels/Dashboards/home_dashboard.html" isHidden="true" isSchedulable="true" locale="en_US" title="home_dashboard.html"/>
        </ExportManifestProperty>
        <ExportManifestProperty>
            <EntityAcl>
                <entriesInheriting>true</entriesInheriting>
                <owner>admin</owner>
                <ownerType>USER</ownerType>
            </EntityAcl>
        </ExportManifestProperty>
    </ExportManifestEntity>
    <ExportManifestEntity path="Steel Wheels/Dashboards/productLineSales.xaction">
        <ExportManifestProperty>
            <EntityMetaData name="productLineSales.xaction" createdDate="2017-07-10T13:55:47.181+08:00" isFolder="false" path="Steel Wheels/Dashboards/productLineSales.xaction" isHidden="true" isSchedulable="true" locale="en_US" title="productLineSales"/>
        </ExportManifestProperty>
        <ExportManifestProperty>
            <EntityAcl>
                <entriesInheriting>true</entriesInheriting>
                <owner>admin</owner>
                <ownerType>USER</ownerType>
            </EntityAcl>
        </ExportManifestProperty>
    </ExportManifestEntity>
    <ExportManifestEntity path="Steel Wheels/Dashboards/territorySales.xaction">
        <ExportManifestProperty>
            <EntityMetaData name="territorySales.xaction" createdDate="2017-07-10T13:56:27.016+08:00" isFolder="false" path="Steel Wheels/Dashboards/territorySales.xaction" isHidden="true" isSchedulable="true" locale="en_US" title="territorySales"/>
        </ExportManifestProperty>
        <ExportManifestProperty>
            <EntityAcl>
                <entriesInheriting>true</entriesInheriting>
                <owner>admin</owner>
                <ownerType>USER</ownerType>
            </EntityAcl>
        </ExportManifestProperty>
    </ExportManifestEntity>
    <ExportManifestEntity path="Steel Wheels/Dashboards/topTenCustomers.xaction">
        <ExportManifestProperty>
            <EntityMetaData name="topTenCustomers.xaction" createdDate="2017-07-10T13:56:20.693+08:00" isFolder="false" path="Steel Wheels/Dashboards/topTenCustomers.xaction" isHidden="true" isSchedulable="true" locale="en_US" title="topTenCustomers"/>
        </ExportManifestProperty>
        <ExportManifestProperty>
            <EntityAcl>
                <entriesInheriting>true</entriesInheriting>
                <owner>admin</owner>
                <ownerType>USER</ownerType>
            </EntityAcl>
        </ExportManifestProperty>
    </ExportManifestEntity>
    <ExportManifestEntity path="Steel Wheels/Data Integration">
        <ExportManifestProperty>
            <EntityMetaData name="Data Integration" createdDate="2017-07-10T13:55:19.077+08:00" isFolder="true" path="Steel Wheels/Data Integration" isHidden="false" isSchedulable="false" locale="en_US" title="Data Integration"/>
        </ExportManifestProperty>
        <ExportManifestProperty>
            <EntityAcl>
                <entriesInheriting>true</entriesInheriting>
                <owner>admin</owner>
                <ownerType>USER</ownerType>
            </EntityAcl>
        </ExportManifestProperty>
    </ExportManifestEntity>
    <ExportManifestEntity path="Steel Wheels/Data Integration/GetPDIEnvironment.ktr">
        <ExportManifestProperty>
            <EntityMetaData name="GetPDIEnvironment.ktr" createdDate="2017-07-10T13:56:22.477+08:00" isFolder="false" path="Steel Wheels/Data Integration/GetPDIEnvironment.ktr" isHidden="true" isSchedulable="true" locale="en_US" title="GetPDIEnvironment"/>
        </ExportManifestProperty>
        <ExportManifestProperty>
            <EntityAcl>
                <entriesInheriting>true</entriesInheriting>
                <owner>admin</owner>
                <ownerType>USER</ownerType>
            </EntityAcl>
        </ExportManifestProperty>
    </ExportManifestEntity>
    <ExportManifestEntity path="Steel Wheels/Data Integration/GetPDIEnvironment.properties">
        <ExportManifestProperty>
            <EntityMetaData name="GetPDIEnvironment.properties" createdDate="2017-07-10T13:56:14.330+08:00" isFolder="false" path="Steel Wheels/Data Integration/GetPDIEnvironment.properties" isHidden="true" isSchedulable="true" locale="en_US" title="GetPDIEnvironment.properties"/>
        </ExportManifestProperty>
        <ExportManifestProperty>
            <EntityAcl>
                <entriesInheriting>true</entriesInheriting>
                <owner>admin</owner>
                <ownerType>USER</ownerType>
            </EntityAcl>
        </ExportManifestProperty>
    </ExportManifestEntity>
    <ExportManifestEntity path="Steel Wheels/Data Integration/GetPDIEnvironment.xaction">
        <ExportManifestProperty>
            <EntityMetaData name="GetPDIEnvironment.xaction" createdDate="2017-07-10T13:56:09.389+08:00" isFolder="false" path="Steel Wheels/Data Integration/GetPDIEnvironment.xaction" isHidden="false" isSchedulable="true" locale="en_US" description="This transformation collects a lot of information about the environment of Pentaho Data Integration (previously Kettle) and the installed version e.g. in the Pentaho BI Suite." title="Get Environment Information"/>
        </ExportManifestProperty>
        <ExportManifestProperty>
            <EntityAcl>
                <entriesInheriting>true</entriesInheriting>
                <owner>admin</owner>
                <ownerType>USER</ownerType>
            </EntityAcl>
        </ExportManifestProperty>
    </ExportManifestEntity>
    <ExportManifestEntity path="Steel Wheels/Data Integration/SampleTransformation.properties">
        <ExportManifestProperty>
            <EntityMetaData name="SampleTransformation.properties" createdDate="2017-07-10T13:55:50.982+08:00" isFolder="false" path="Steel Wheels/Data Integration/SampleTransformation.properties" isHidden="true" isSchedulable="true" locale="en_US" title="SampleTransformation.properties"/>
        </ExportManifestProperty>
        <ExportManifestProperty>
            <EntityAcl>
                <entriesInheriting>true</entriesInheriting>
                <owner>admin</owner>
                <ownerType>USER</ownerType>
            </EntityAcl>
        </ExportManifestProperty>
    </ExportManifestEntity>
    <ExportManifestEntity path="Steel Wheels/Data Integration/SampleTransformation.xaction">
        <ExportManifestProperty>
            <EntityMetaData name="SampleTransformation.xaction" createdDate="2017-07-10T13:56:02.030+08:00" isFolder="false" path="Steel Wheels/Data Integration/SampleTransformation.xaction" isHidden="false" isSchedulable="true" locale="en_US" description="This runs a simple Kettle transformation filtering records from the Quandrant_Actuals sample data table, and sending a Hello message to each position.  " title="Sample PDI Transformation"/>
        </ExportManifestProperty>
        <ExportManifestProperty>
            <EntityAcl>
                <entriesInheriting>true</entriesInheriting>
                <owner>admin</owner>
                <ownerType>USER</ownerType>
            </EntityAcl>
        </ExportManifestProperty>
    </ExportManifestEntity>
    <ExportManifestEntity path="Steel Wheels/Data Integration/sample.ktr">
        <ExportManifestProperty>
            <EntityMetaData name="sample.ktr" createdDate="2017-07-10T13:56:14.672+08:00" isFolder="false" path="Steel Wheels/Data Integration/sample.ktr" isHidden="true" isSchedulable="true" locale="en_US" title="sample"/>
        </ExportManifestProperty>
        <ExportManifestProperty>
            <EntityAcl>
                <entriesInheriting>true</entriesInheriting>
                <owner>admin</owner>
                <ownerType>USER</ownerType>
            </EntityAcl>
        </ExportManifestProperty>
    </ExportManifestEntity>
    <ExportManifestEntity path="Steel Wheels/Enterprise Edition">
        <ExportManifestProperty>
            <EntityMetaData name="Enterprise Edition" createdDate="2017-07-10T13:55:19.094+08:00" isFolder="true" path="Steel Wheels/Enterprise Edition" isHidden="false" isSchedulable="false" locale="en_US" title="Enterprise Edition"/>
        </ExportManifestProperty>
        <ExportManifestProperty>
            <EntityAcl>
                <entriesInheriting>true</entriesInheriting>
                <owner>admin</owner>
                <ownerType>USER</ownerType>
            </EntityAcl>
        </ExportManifestProperty>
    </ExportManifestEntity>
    <ExportManifestEntity path="Steel Wheels/Enterprise Edition/DashboardDesigner.html">
        <ExportManifestProperty>
            <EntityMetaData name="DashboardDesigner.html" createdDate="2017-07-10T13:55:35.362+08:00" isFolder="false" path="Steel Wheels/Enterprise Edition/DashboardDesigner.html" isHidden="true" isSchedulable="true" locale="en_US" title="DashboardDesigner.html"/>
        </ExportManifestProperty>
        <ExportManifestProperty>
            <EntityAcl>
                <entriesInheriting>true</entriesInheriting>
                <owner>admin</owner>
                <ownerType>USER</ownerType>
            </EntityAcl>
        </ExportManifestProperty>
    </ExportManifestEntity>
    <ExportManifestEntity path="Steel Wheels/Enterprise Edition/DashboardDesigner.xcdf">
        <ExportManifestProperty>
            <EntityMetaData name="DashboardDesigner.xcdf" createdDate="2017-07-10T13:56:17.809+08:00" isFolder="false" path="Steel Wheels/Enterprise Edition/DashboardDesigner.xcdf" isHidden="false" isSchedulable="true" locale="en_US" title="DashboardDesigner"/>
        </ExportManifestProperty>
        <ExportManifestProperty>
            <EntityAcl>
                <entriesInheriting>true</entriesInheriting>
                <owner>admin</owner>
                <ownerType>USER</ownerType>
            </EntityAcl>
        </ExportManifestProperty>
    </ExportManifestEntity>
    <ExportManifestEntity path="Steel Wheels/Enterprise Edition/InteractiveReport.html">
        <ExportManifestProperty>
            <EntityMetaData name="InteractiveReport.html" createdDate="2017-07-10T13:56:18.937+08:00" isFolder="false" path="Steel Wheels/Enterprise Edition/InteractiveReport.html" isHidden="true" isSchedulable="true" locale="en_US" title="InteractiveReport.html"/>
        </ExportManifestProperty>
        <ExportManifestProperty>
            <EntityAcl>
                <entriesInheriting>true</entriesInheriting>
                <owner>admin</owner>
                <ownerType>USER</ownerType>
            </EntityAcl>
        </ExportManifestProperty>
    </ExportManifestEntity>
    <ExportManifestEntity path="Steel Wheels/Enterprise Edition/InteractiveReport.xcdf">
        <ExportManifestProperty>
            <EntityMetaData name="InteractiveReport.xcdf" createdDate="2017-07-10T13:56:24.231+08:00" isFolder="false" path="Steel Wheels/Enterprise Edition/InteractiveReport.xcdf" isHidden="false" isSchedulable="true" locale="en_US" title="InteractiveReport"/>
        </ExportManifestProperty>
        <ExportManifestProperty>
            <EntityAcl>
                <entriesInheriting>true</entriesInheriting>
                <owner>admin</owner>
                <ownerType>USER</ownerType>
            </EntityAcl>
        </ExportManifestProperty>
    </ExportManifestEntity>
    <ExportManifestEntity path="Steel Wheels/Enterprise Edition/PentahoAnalyzer.html">
        <ExportManifestProperty>
            <EntityMetaData name="PentahoAnalyzer.html" createdDate="2017-07-10T13:56:20.314+08:00" isFolder="false" path="Steel Wheels/Enterprise Edition/PentahoAnalyzer.html" isHidden="true" isSchedulable="true" locale="en_US" title="PentahoAnalyzer.html"/>
        </ExportManifestProperty>
        <ExportManifestProperty>
            <EntityAcl>
                <entriesInheriting>true</entriesInheriting>
                <owner>admin</owner>
                <ownerType>USER</ownerType>
            </EntityAcl>
        </ExportManifestProperty>
    </ExportManifestEntity>
    <ExportManifestEntity path="Steel Wheels/Enterprise Edition/PentahoAnalyzer.xcdf">
        <ExportManifestProperty>
            <EntityMetaData name="PentahoAnalyzer.xcdf" createdDate="2017-07-10T13:55:46.672+08:00" isFolder="false" path="Steel Wheels/Enterprise Edition/PentahoAnalyzer.xcdf" isHidden="false" isSchedulable="true" locale="en_US" title="PentahoAnalyzer"/>
        </ExportManifestProperty>
        <ExportManifestProperty>
            <EntityAcl>
                <entriesInheriting>true</entriesInheriting>
                <owner>admin</owner>
                <ownerType>USER</ownerType>
            </EntityAcl>
        </ExportManifestProperty>
    </ExportManifestEntity>
    <ExportManifestEntity path="Steel Wheels/Enterprise Edition/css">
        <ExportManifestProperty>
            <EntityMetaData name="css" createdDate="2017-07-10T13:55:19.123+08:00" isFolder="true" path="Steel Wheels/Enterprise Edition/css" isHidden="true" isSchedulable="false" locale="en_US" title="css"/>
        </ExportManifestProperty>
        <ExportManifestProperty>
            <EntityAcl>
                <entriesInheriting>true</entriesInheriting>
                <owner>admin</owner>
                <ownerType>USER</ownerType>
            </EntityAcl>
        </ExportManifestProperty>
    </ExportManifestEntity>
    <ExportManifestEntity path="Steel Wheels/Enterprise Edition/css/bootstrap-theme.css">
        <ExportManifestProperty>
            <EntityMetaData name="bootstrap-theme.css" createdDate="2017-07-10T13:56:26.779+08:00" isFolder="false" path="Steel Wheels/Enterprise Edition/css/bootstrap-theme.css" isHidden="false" isSchedulable="true" locale="en_US" title="bootstrap-theme.css"/>
        </ExportManifestProperty>
        <ExportManifestProperty>
            <EntityAcl>
                <entriesInheriting>true</entriesInheriting>
                <owner>admin</owner>
                <ownerType>USER</ownerType>
            </EntityAcl>
        </ExportManifestProperty>
    </ExportManifestEntity>
    <ExportManifestEntity path="Steel Wheels/Enterprise Edition/css/bootstrap-theme.min.css">
        <ExportManifestProperty>
            <EntityMetaData name="bootstrap-theme.min.css" createdDate="2017-07-10T13:55:39.972+08:00" isFolder="false" path="Steel Wheels/Enterprise Edition/css/bootstrap-theme.min.css" isHidden="false" isSchedulable="true" locale="en_US" title="bootstrap-theme.min.css"/>
        </ExportManifestProperty>
        <ExportManifestProperty>
            <EntityAcl>
                <entriesInheriting>true</entriesInheriting>
                <owner>admin</owner>
                <ownerType>USER</ownerType>
            </EntityAcl>
        </ExportManifestProperty>
    </ExportManifestEntity>
    <ExportManifestEntity path="Steel Wheels/Enterprise Edition/css/bootstrap.css">
        <ExportManifestProperty>
            <EntityMetaData name="bootstrap.css" createdDate="2017-07-10T13:56:31.897+08:00" isFolder="false" path="Steel Wheels/Enterprise Edition/css/bootstrap.css" isHidden="false" isSchedulable="true" locale="en_US" title="bootstrap.css"/>
        </ExportManifestProperty>
        <ExportManifestProperty>
            <EntityAcl>
                <entriesInheriting>true</entriesInheriting>
                <owner>admin</owner>
                <ownerType>USER</ownerType>
            </EntityAcl>
        </ExportManifestProperty>
    </ExportManifestEntity>
    <ExportManifestEntity path="Steel Wheels/Enterprise Edition/css/bootstrap.min.css">
        <ExportManifestProperty>
            <EntityMetaData name="bootstrap.min.css" createdDate="2017-07-10T13:56:13.065+08:00" isFolder="false" path="Steel Wheels/Enterprise Edition/css/bootstrap.min.css" isHidden="false" isSchedulable="true" locale="en_US" title="bootstrap.min.css"/>
        </ExportManifestProperty>
        <ExportManifestProperty>
            <EntityAcl>
                <entriesInheriting>true</entriesInheriting>
                <owner>admin</owner>
                <ownerType>USER</ownerType>
            </EntityAcl>
        </ExportManifestProperty>
    </ExportManifestEntity>
    <ExportManifestEntity path="Steel Wheels/Enterprise Edition/css/main.css">
        <ExportManifestProperty>
            <EntityMetaData name="main.css" createdDate="2017-07-10T13:55:37.938+08:00" isFolder="false" path="Steel Wheels/Enterprise Edition/css/main.css" isHidden="false" isSchedulable="true" locale="en_US" title="main.css"/>
        </ExportManifestProperty>
        <ExportManifestProperty>
            <EntityAcl>
                <entriesInheriting>true</entriesInheriting>
                <owner>admin</owner>
                <ownerType>USER</ownerType>
            </EntityAcl>
        </ExportManifestProperty>
    </ExportManifestEntity>
    <ExportManifestEntity path="Steel Wheels/Enterprise Edition/fonts">
        <ExportManifestProperty>
            <EntityMetaData name="fonts" createdDate="2017-07-10T13:55:19.108+08:00" isFolder="true" path="Steel Wheels/Enterprise Edition/fonts" isHidden="true" isSchedulable="false" locale="en_US" title="fonts"/>
        </ExportManifestProperty>
        <ExportManifestProperty>
            <EntityAcl>
                <entriesInheriting>true</entriesInheriting>
                <owner>admin</owner>
                <ownerType>USER</ownerType>
            </EntityAcl>
        </ExportManifestProperty>
    </ExportManifestEntity>
    <ExportManifestEntity path="Steel Wheels/Enterprise Edition/fonts/glyphicons-halflings-regular.svg">
        <ExportManifestProperty>
            <EntityMetaData name="glyphicons-halflings-regular.svg" createdDate="2017-07-10T13:55:55.258+08:00" isFolder="false" path="Steel Wheels/Enterprise Edition/fonts/glyphicons-halflings-regular.svg" isHidden="true" isSchedulable="true" locale="en_US" title="glyphicons-halflings-regular.svg"/>
        </ExportManifestProperty>
        <ExportManifestProperty>
            <EntityAcl>
                <entriesInheriting>true</entriesInheriting>
                <owner>admin</owner>
                <ownerType>USER</ownerType>
            </EntityAcl>
        </ExportManifestProperty>
    </ExportManifestEntity>
    <ExportManifestEntity path="Steel Wheels/Enterprise Edition/img">
        <ExportManifestProperty>
            <EntityMetaData name="img" createdDate="2017-07-10T13:55:19.198+08:00" isFolder="true" path="Steel Wheels/Enterprise Edition/img" isHidden="true" isSchedulable="false" locale="en_US" title="img"/>
        </ExportManifestProperty>
        <ExportManifestProperty>
            <EntityAcl>
                <entriesInheriting>true</entriesInheriting>
                <owner>admin</owner>
                <ownerType>USER</ownerType>
            </EntityAcl>
        </ExportManifestProperty>
    </ExportManifestEntity>
    <ExportManifestEntity path="Steel Wheels/Enterprise Edition/img/dashboard-designer-slide-1.png">
        <ExportManifestProperty>
            <EntityMetaData name="dashboard-designer-slide-1.png" createdDate="2017-07-10T13:55:35.475+08:00" isFolder="false" path="Steel Wheels/Enterprise Edition/img/dashboard-designer-slide-1.png" isHidden="true" isSchedulable="true" locale="en_US" title="dashboard-designer-slide-1.png"/>
        </ExportManifestProperty>
        <ExportManifestProperty>
            <EntityAcl>
                <entriesInheriting>true</entriesInheriting>
                <owner>admin</owner>
                <ownerType>USER</ownerType>
            </EntityAcl>
        </ExportManifestProperty>
    </ExportManifestEntity>
    <ExportManifestEntity path="Steel Wheels/Enterprise Edition/img/dashboardDesigner-20x20.png">
        <ExportManifestProperty>
            <EntityMetaData name="dashboardDesigner-20x20.png" createdDate="2017-07-10T13:56:24.402+08:00" isFolder="false" path="Steel Wheels/Enterprise Edition/img/dashboardDesigner-20x20.png" isHidden="true" isSchedulable="true" locale="en_US" title="dashboardDesigner-20x20.png"/>
        </ExportManifestProperty>
        <ExportManifestProperty>
            <EntityAcl>
                <entriesInheriting>true</entriesInheriting>
                <owner>admin</owner>
                <ownerType>USER</ownerType>
            </EntityAcl>
        </ExportManifestProperty>
    </ExportManifestEntity>
    <ExportManifestEntity path="Steel Wheels/Enterprise Edition/img/dashboardDesigner-56x56.png">
        <ExportManifestProperty>
            <EntityMetaData name="dashboardDesigner-56x56.png" createdDate="2017-07-10T13:56:26.839+08:00" isFolder="false" path="Steel Wheels/Enterprise Edition/img/dashboardDesigner-56x56.png" isHidden="true" isSchedulable="true" locale="en_US" title="dashboardDesigner-56x56.png"/>
        </ExportManifestProperty>
        <ExportManifestProperty>
            <EntityAcl>
                <entriesInheriting>true</entriesInheriting>
                <owner>admin</owner>
                <ownerType>USER</ownerType>
            </EntityAcl>
        </ExportManifestProperty>
    </ExportManifestEntity>
    <ExportManifestEntity path="Steel Wheels/Enterprise Edition/img/instaview-20x20.png">
        <ExportManifestProperty>
            <EntityMetaData name="instaview-20x20.png" createdDate="2017-07-10T13:56:24.774+08:00" isFolder="false" path="Steel Wheels/Enterprise Edition/img/instaview-20x20.png" isHidden="true" isSchedulable="true" locale="en_US" title="instaview-20x20.png"/>
        </ExportManifestProperty>
        <ExportManifestProperty>
            <EntityAcl>
                <entriesInheriting>true</entriesInheriting>
                <owner>admin</owner>
                <ownerType>USER</ownerType>
            </EntityAcl>
        </ExportManifestProperty>
    </ExportManifestEntity>
    <ExportManifestEntity path="Steel Wheels/Enterprise Edition/img/instaview-56x56.png">
        <ExportManifestProperty>
            <EntityMetaData name="instaview-56x56.png" createdDate="2017-07-10T13:56:24.664+08:00" isFolder="false" path="Steel Wheels/Enterprise Edition/img/instaview-56x56.png" isHidden="true" isSchedulable="true" locale="en_US" title="instaview-56x56.png"/>
        </ExportManifestProperty>
        <ExportManifestProperty>
            <EntityAcl>
                <entriesInheriting>true</entriesInheriting>
                <owner>admin</owner>
                <ownerType>USER</ownerType>
            </EntityAcl>
        </ExportManifestProperty>
    </ExportManifestEntity>
    <ExportManifestEntity path="Steel Wheels/Enterprise Edition/img/interactive-reports-slide-1.png">
        <ExportManifestProperty>
            <EntityMetaData name="interactive-reports-slide-1.png" createdDate="2017-07-10T13:56:15.403+08:00" isFolder="false" path="Steel Wheels/Enterprise Edition/img/interactive-reports-slide-1.png" isHidden="true" isSchedulable="true" locale="en_US" title="interactive-reports-slide-1.png"/>
        </ExportManifestProperty>
        <ExportManifestProperty>
            <EntityAcl>
                <entriesInheriting>true</entriesInheriting>
                <owner>admin</owner>
                <ownerType>USER</ownerType>
            </EntityAcl>
        </ExportManifestProperty>
    </ExportManifestEntity>
    <ExportManifestEntity path="Steel Wheels/Enterprise Edition/img/interactive-reports-slide-2.png">
        <ExportManifestProperty>
            <EntityMetaData name="interactive-reports-slide-2.png" createdDate="2017-07-10T13:56:05.648+08:00" isFolder="false" path="Steel Wheels/Enterprise Edition/img/interactive-reports-slide-2.png" isHidden="true" isSchedulable="true" locale="en_US" title="interactive-reports-slide-2.png"/>
        </ExportManifestProperty>
        <ExportManifestProperty>
            <EntityAcl>
                <entriesInheriting>true</entriesInheriting>
                <owner>admin</owner>
                <ownerType>USER</ownerType>
            </EntityAcl>
        </ExportManifestProperty>
    </ExportManifestEntity>
    <ExportManifestEntity path="Steel Wheels/Enterprise Edition/img/interactive-reports-slide-3.png">
        <ExportManifestProperty>
            <EntityMetaData name="interactive-reports-slide-3.png" createdDate="2017-07-10T13:56:33.602+08:00" isFolder="false" path="Steel Wheels/Enterprise Edition/img/interactive-reports-slide-3.png" isHidden="true" isSchedulable="true" locale="en_US" title="interactive-reports-slide-3.png"/>
        </ExportManifestProperty>
        <ExportManifestProperty>
            <EntityAcl>
                <entriesInheriting>true</entriesInheriting>
                <owner>admin</owner>
                <ownerType>USER</ownerType>
            </EntityAcl>
        </ExportManifestProperty>
    </ExportManifestEntity>
    <ExportManifestEntity path="Steel Wheels/Enterprise Edition/img/interactiveReport-20x20.png">
        <ExportManifestProperty>
            <EntityMetaData name="interactiveReport-20x20.png" createdDate="2017-07-10T13:56:02.099+08:00" isFolder="false" path="Steel Wheels/Enterprise Edition/img/interactiveReport-20x20.png" isHidden="true" isSchedulable="true" locale="en_US" title="interactiveReport-20x20.png"/>
        </ExportManifestProperty>
        <ExportManifestProperty>
            <EntityAcl>
                <entriesInheriting>true</entriesInheriting>
                <owner>admin</owner>
                <ownerType>USER</ownerType>
            </EntityAcl>
        </ExportManifestProperty>
    </ExportManifestEntity>
    <ExportManifestEntity path="Steel Wheels/Enterprise Edition/img/interactiveReport-56x56.png">
        <ExportManifestProperty>
            <EntityMetaData name="interactiveReport-56x56.png" createdDate="2017-07-10T13:56:26.943+08:00" isFolder="false" path="Steel Wheels/Enterprise Edition/img/interactiveReport-56x56.png" isHidden="true" isSchedulable="true" locale="en_US" title="interactiveReport-56x56.png"/>
        </ExportManifestProperty>
        <ExportManifestProperty>
            <EntityAcl>
                <entriesInheriting>true</entriesInheriting>
                <owner>admin</owner>
                <ownerType>USER</ownerType>
            </EntityAcl>
        </ExportManifestProperty>
    </ExportManifestEntity>
    <ExportManifestEntity path="Steel Wheels/Enterprise Edition/img/pentaho-20x20.png">
        <ExportManifestProperty>
            <EntityMetaData name="pentaho-20x20.png" createdDate="2017-07-10T13:56:23.074+08:00" isFolder="false" path="Steel Wheels/Enterprise Edition/img/pentaho-20x20.png" isHidden="true" isSchedulable="true" locale="en_US" title="pentaho-20x20.png"/>
        </ExportManifestProperty>
        <ExportManifestProperty>
            <EntityAcl>
                <entriesInheriting>true</entriesInheriting>
                <owner>admin</owner>
                <ownerType>USER</ownerType>
            </EntityAcl>
        </ExportManifestProperty>
    </ExportManifestEntity>
    <ExportManifestEntity path="Steel Wheels/Enterprise Edition/img/pentaho-56x56.png">
        <ExportManifestProperty>
            <EntityMetaData name="pentaho-56x56.png" createdDate="2017-07-10T13:56:20.210+08:00" isFolder="false" path="Steel Wheels/Enterprise Edition/img/pentaho-56x56.png" isHidden="true" isSchedulable="true" locale="en_US" title="pentaho-56x56.png"/>
        </ExportManifestProperty>
        <ExportManifestProperty>
            <EntityAcl>
                <entriesInheriting>true</entriesInheriting>
                <owner>admin</owner>
                <ownerType>USER</ownerType>
            </EntityAcl>
        </ExportManifestProperty>
    </ExportManifestEntity>
    <ExportManifestEntity path="Steel Wheels/Enterprise Edition/img/pentaho-analyzer-slide-1.png">
        <ExportManifestProperty>
            <EntityMetaData name="pentaho-analyzer-slide-1.png" createdDate="2017-07-10T13:55:46.790+08:00" isFolder="false" path="Steel Wheels/Enterprise Edition/img/pentaho-analyzer-slide-1.png" isHidden="true" isSchedulable="true" locale="en_US" title="pentaho-analyzer-slide-1.png"/>
        </ExportManifestProperty>
        <ExportManifestProperty>
            <EntityAcl>
                <entriesInheriting>true</entriesInheriting>
                <owner>admin</owner>
                <ownerType>USER</ownerType>
            </EntityAcl>
        </ExportManifestProperty>
    </ExportManifestEntity>
    <ExportManifestEntity path="Steel Wheels/Enterprise Edition/img/pentaho-analyzer-slide-2.png">
        <ExportManifestProperty>
            <EntityMetaData name="pentaho-analyzer-slide-2.png" createdDate="2017-07-10T13:55:51.464+08:00" isFolder="false" path="Steel Wheels/Enterprise Edition/img/pentaho-analyzer-slide-2.png" isHidden="true" isSchedulable="true" locale="en_US" title="pentaho-analyzer-slide-2.png"/>
        </ExportManifestProperty>
        <ExportManifestProperty>
            <EntityAcl>
                <entriesInheriting>true</entriesInheriting>
                <owner>admin</owner>
                <ownerType>USER</ownerType>
            </EntityAcl>
        </ExportManifestProperty>
    </ExportManifestEntity>
    <ExportManifestEntity path="Steel Wheels/Enterprise Edition/img/screen.png">
        <ExportManifestProperty>
            <EntityMetaData name="screen.png" createdDate="2017-07-10T13:56:29.051+08:00" isFolder="false" path="Steel Wheels/Enterprise Edition/img/screen.png" isHidden="true" isSchedulable="true" locale="en_US" title="screen.png"/>
        </ExportManifestProperty>
        <ExportManifestProperty>
            <EntityAcl>
                <entriesInheriting>true</entriesInheriting>
                <owner>admin</owner>
                <ownerType>USER</ownerType>
            </EntityAcl>
        </ExportManifestProperty>
    </ExportManifestEntity>
    <ExportManifestEntity path="Steel Wheels/Enterprise Edition/img/screen2.png">
        <ExportManifestProperty>
            <EntityMetaData name="screen2.png" createdDate="2017-07-10T13:56:20.264+08:00" isFolder="false" path="Steel Wheels/Enterprise Edition/img/screen2.png" isHidden="true" isSchedulable="true" locale="en_US" title="screen2.png"/>
        </ExportManifestProperty>
        <ExportManifestProperty>
            <EntityAcl>
                <entriesInheriting>true</entriesInheriting>
                <owner>admin</owner>
                <ownerType>USER</ownerType>
            </EntityAcl>
        </ExportManifestProperty>
    </ExportManifestEntity>
    <ExportManifestEntity path="Steel Wheels/Enterprise Edition/img/screen3.png">
        <ExportManifestProperty>
            <EntityMetaData name="screen3.png" createdDate="2017-07-10T13:55:40.014+08:00" isFolder="false" path="Steel Wheels/Enterprise Edition/img/screen3.png" isHidden="true" isSchedulable="true" locale="en_US" title="screen3.png"/>
        </ExportManifestProperty>
        <ExportManifestProperty>
            <EntityAcl>
                <entriesInheriting>true</entriesInheriting>
                <owner>admin</owner>
                <ownerType>USER</ownerType>
            </EntityAcl>
        </ExportManifestProperty>
    </ExportManifestEntity>
    <ExportManifestEntity path="Steel Wheels/Enterprise Edition/js">
        <ExportManifestProperty>
            <EntityMetaData name="js" createdDate="2017-07-10T13:55:19.145+08:00" isFolder="true" path="Steel Wheels/Enterprise Edition/js" isHidden="true" isSchedulable="false" locale="en_US" title="js"/>
        </ExportManifestProperty>
        <ExportManifestProperty>
            <EntityAcl>
                <entriesInheriting>true</entriesInheriting>
                <owner>admin</owner>
                <ownerType>USER</ownerType>
            </EntityAcl>
        </ExportManifestProperty>
    </ExportManifestEntity>
    <ExportManifestEntity path="Steel Wheels/Enterprise Edition/js/main.js">
        <ExportManifestProperty>
            <EntityMetaData name="main.js" createdDate="2017-07-10T13:55:31.090+08:00" isFolder="false" path="Steel Wheels/Enterprise Edition/js/main.js" isHidden="false" isSchedulable="true" locale="en_US" title="main.js"/>
        </ExportManifestProperty>
        <ExportManifestProperty>
            <EntityAcl>
                <entriesInheriting>true</entriesInheriting>
                <owner>admin</owner>
                <ownerType>USER</ownerType>
            </EntityAcl>
        </ExportManifestProperty>
    </ExportManifestEntity>
    <ExportManifestEntity path="Steel Wheels/Enterprise Edition/js/vendor">
        <ExportManifestProperty>
            <EntityMetaData name="vendor" createdDate="2017-07-10T13:55:19.172+08:00" isFolder="true" path="Steel Wheels/Enterprise Edition/js/vendor" isHidden="false" isSchedulable="false" locale="en_US" title="vendor"/>
        </ExportManifestProperty>
        <ExportManifestProperty>
            <EntityAcl>
                <entriesInheriting>true</entriesInheriting>
                <owner>admin</owner>
                <ownerType>USER</ownerType>
            </EntityAcl>
        </ExportManifestProperty>
    </ExportManifestEntity>
    <ExportManifestEntity path="Steel Wheels/Enterprise Edition/js/vendor/bootstrap.js">
        <ExportManifestProperty>
            <EntityMetaData name="bootstrap.js" createdDate="2017-07-10T13:56:33.469+08:00" isFolder="false" path="Steel Wheels/Enterprise Edition/js/vendor/bootstrap.js" isHidden="false" isSchedulable="true" locale="en_US" title="bootstrap.js"/>
        </ExportManifestProperty>
        <ExportManifestProperty>
            <EntityAcl>
                <entriesInheriting>true</entriesInheriting>
                <owner>admin</owner>
                <ownerType>USER</ownerType>
            </EntityAcl>
        </ExportManifestProperty>
    </ExportManifestEntity>
    <ExportManifestEntity path="Steel Wheels/Enterprise Edition/js/vendor/bootstrap.min.js">
        <ExportManifestProperty>
            <EntityMetaData name="bootstrap.min.js" createdDate="2017-07-10T13:55:22.966+08:00" isFolder="false" path="Steel Wheels/Enterprise Edition/js/vendor/bootstrap.min.js" isHidden="false" isSchedulable="true" locale="en_US" title="bootstrap.min.js"/>
        </ExportManifestProperty>
        <ExportManifestProperty>
            <EntityAcl>
                <entriesInheriting>true</entriesInheriting>
                <owner>admin</owner>
                <ownerType>USER</ownerType>
            </EntityAcl>
        </ExportManifestProperty>
    </ExportManifestEntity>
    <ExportManifestEntity path="Steel Wheels/Enterprise Edition/js/vendor/jquery-1.12.4.min.js">
        <ExportManifestProperty>
            <EntityMetaData name="jquery-1.12.4.min.js" createdDate="2017-07-10T13:55:28.149+08:00" isFolder="false" path="Steel Wheels/Enterprise Edition/js/vendor/jquery-1.12.4.min.js" isHidden="false" isSchedulable="true" locale="en_US" title="jquery-1.12.4.min.js"/>
        </ExportManifestProperty>
        <ExportManifestProperty>
            <EntityAcl>
                <entriesInheriting>true</entriesInheriting>
                <owner>admin</owner>
                <ownerType>USER</ownerType>
            </EntityAcl>
        </ExportManifestProperty>
    </ExportManifestEntity>
    <ExportManifestEntity path="Steel Wheels/Enterprise Edition/js/vendor/modernizr-2.6.2-respond-1.1.0.min.js">
        <ExportManifestProperty>
            <EntityMetaData name="modernizr-2.6.2-respond-1.1.0.min.js" createdDate="2017-07-10T13:56:20.160+08:00" isFolder="false" path="Steel Wheels/Enterprise Edition/js/vendor/modernizr-2.6.2-respond-1.1.0.min.js" isHidden="false" isSchedulable="true" locale="en_US" title="modernizr-2.6.2-respond-1.1.0.min.js"/>
        </ExportManifestProperty>
        <ExportManifestProperty>
            <EntityAcl>
                <entriesInheriting>true</entriesInheriting>
                <owner>admin</owner>
                <ownerType>USER</ownerType>
            </EntityAcl>
        </ExportManifestProperty>
    </ExportManifestEntity>
    <ExportManifestEntity path="Steel Wheels/Reports">
        <ExportManifestProperty>
            <EntityMetaData name="Reports" createdDate="2017-07-10T13:55:19.264+08:00" isFolder="true" path="Steel Wheels/Reports" isHidden="false" isSchedulable="false" locale="en_US" title="Reports"/>
        </ExportManifestProperty>
        <ExportManifestProperty>
            <EntityAcl>
                <entriesInheriting>true</entriesInheriting>
                <owner>admin</owner>
                <ownerType>USER</ownerType>
            </EntityAcl>
        </ExportManifestProperty>
    </ExportManifestEntity>
    <ExportManifestEntity path="Steel Wheels/Reports/Buyer Report (sparkline report).prpt">
        <ExportManifestProperty>
            <EntityMetaData name="Buyer Report (sparkline report).prpt" createdDate="2017-07-10T13:55:48.045+08:00" isFolder="false" path="Steel Wheels/Reports/Buyer Report (sparkline report).prpt" isHidden="false" isSchedulable="true" locale="en_US" title="Buyer Report (sparkline report)"/>
        </ExportManifestProperty>
        <ExportManifestProperty>
            <EntityAcl>
                <entriesInheriting>true</entriesInheriting>
                <owner>admin</owner>
                <ownerType>USER</ownerType>
            </EntityAcl>
        </ExportManifestProperty>
    </ExportManifestEntity>
    <ExportManifestEntity path="Steel Wheels/Reports/Income Statement (report).prpt">
        <ExportManifestProperty>
            <EntityMetaData name="Income Statement (report).prpt" createdDate="2017-07-10T13:56:05.965+08:00" isFolder="false" path="Steel Wheels/Reports/Income Statement (report).prpt" isHidden="false" isSchedulable="true" locale="en_US" title="Income Statement"/>
        </ExportManifestProperty>
        <ExportManifestProperty>
            <EntityAcl>
                <entriesInheriting>true</entriesInheriting>
                <owner>admin</owner>
                <ownerType>USER</ownerType>
            </EntityAcl>
        </ExportManifestProperty>
    </ExportManifestEntity>
    <ExportManifestEntity path="Steel Wheels/Reports/Inventory List (report).prpt">
        <ExportManifestProperty>
            <EntityMetaData name="Inventory List (report).prpt" createdDate="2017-07-10T13:56:31.978+08:00" isFolder="false" path="Steel Wheels/Reports/Inventory List (report).prpt" isHidden="false" isSchedulable="true" locale="en_US" description="Scan-able inventory report showing inventory on hand with detailed product descriptions." title="Inventory List"/>
        </ExportManifestProperty>
        <ExportManifestProperty>
            <EntityAcl>
                <entriesInheriting>true</entriesInheriting>
                <owner>admin</owner>
                <ownerType>USER</ownerType>
            </EntityAcl>
        </ExportManifestProperty>
    </ExportManifestEntity>
    <ExportManifestEntity path="Steel Wheels/Reports/Invoice (report).prpt">
        <ExportManifestProperty>
            <EntityMetaData name="Invoice (report).prpt" createdDate="2017-07-10T13:55:48.410+08:00" isFolder="false" path="Steel Wheels/Reports/Invoice (report).prpt" isHidden="false" isSchedulable="true" locale="en_US" title="Invoice (report)"/>
        </ExportManifestProperty>
        <ExportManifestProperty>
            <EntityAcl>
                <entriesInheriting>true</entriesInheriting>
                <owner>admin</owner>
                <ownerType>USER</ownerType>
            </EntityAcl>
        </ExportManifestProperty>
    </ExportManifestEntity>
    <ExportManifestEntity path="Steel Wheels/Reports/Product Sales.prpt">
        <ExportManifestProperty>
            <EntityMetaData name="Product Sales.prpt" createdDate="2017-07-10T13:55:55.596+08:00" isFolder="false" path="Steel Wheels/Reports/Product Sales.prpt" isHidden="false" isSchedulable="true" locale="en_US" description="Operational Report" title="Product Sales"/>
        </ExportManifestProperty>
        <ExportManifestProperty>
            <EntityAcl>
                <entriesInheriting>true</entriesInheriting>
                <owner>admin</owner>
                <ownerType>USER</ownerType>
            </EntityAcl>
        </ExportManifestProperty>
    </ExportManifestEntity>
    <ExportManifestEntity path="Steel Wheels/Reports/Top Customers (report).prpt">
        <ExportManifestProperty>
            <EntityMetaData name="Top Customers (report).prpt" createdDate="2017-07-10T13:56:32.072+08:00" isFolder="false" path="Steel Wheels/Reports/Top Customers (report).prpt" isHidden="false" isSchedulable="true" locale="en_US" description="View the top customers for sales and volume of units sold, quickly filter by region and product line." title="Top Customers"/>
        </ExportManifestProperty>
        <ExportManifestProperty>
            <EntityAcl>
                <entriesInheriting>true</entriesInheriting>
                <owner>admin</owner>
                <ownerType>USER</ownerType>
            </EntityAcl>
        </ExportManifestProperty>
    </ExportManifestEntity>
    <ExportManifestEntity path="Steel Wheels/Widget Library">
        <ExportManifestProperty>
            <EntityMetaData name="Widget Library" createdDate="2017-07-10T13:55:19.021+08:00" isFolder="true" path="Steel Wheels/Widget Library" isHidden="true" isSchedulable="false" locale="en_US" description="Widget Library" title="Widget Library"/>
        </ExportManifestProperty>
        <ExportManifestProperty>
            <EntityAcl>
                <entriesInheriting>true</entriesInheriting>
                <owner>admin</owner>
                <ownerType>USER</ownerType>
            </EntityAcl>
        </ExportManifestProperty>
    </ExportManifestEntity>
    <ExportManifestEntity path="Steel Wheels/Widget Library/Analysis Views">
        <ExportManifestProperty>
            <EntityMetaData name="Analysis Views" createdDate="2017-07-10T13:55:19.063+08:00" isFolder="true" path="Steel Wheels/Widget Library/Analysis Views" isHidden="false" isSchedulable="false" locale="en_US" title="Analysis Views"/>
        </ExportManifestProperty>
        <ExportManifestProperty>
            <EntityAcl>
                <entriesInheriting>true</entriesInheriting>
                <owner>admin</owner>
                <ownerType>USER</ownerType>
            </EntityAcl>
        </ExportManifestProperty>
    </ExportManifestEntity>
    <ExportManifestEntity path="Steel Wheels/Widget Library/Analysis Views/Line Sales by Territory Chart.xanalyzer">
        <ExportManifestProperty>
            <EntityMetaData name="Line Sales by Territory Chart.xanalyzer" createdDate="2017-07-10T13:56:17.467+08:00" isFolder="false" path="Steel Wheels/Widget Library/Analysis Views/Line Sales by Territory Chart.xanalyzer" isHidden="false" isSchedulable="true" locale="en_US" title="Line Sales by Territory Chart"/>
        </ExportManifestProperty>
        <ExportManifestProperty>
            <EntityAcl>
                <entriesInheriting>true</entriesInheriting>
                <owner>admin</owner>
                <ownerType>USER</ownerType>
            </EntityAcl>
        </ExportManifestProperty>
    </ExportManifestEntity>
    <ExportManifestEntity path="Steel Wheels/Widget Library/Analysis Views/Product Sales by Year.xanalyzer">
        <ExportManifestProperty>
            <EntityMetaData name="Product Sales by Year.xanalyzer" createdDate="2017-07-10T13:56:17.760+08:00" isFolder="false" path="Steel Wheels/Widget Library/Analysis Views/Product Sales by Year.xanalyzer" isHidden="false" isSchedulable="true" locale="en_US" title="Product Sales by Year"/>
        </ExportManifestProperty>
        <ExportManifestProperty>
            <EntityAcl>
                <entriesInheriting>true</entriesInheriting>
                <owner>admin</owner>
                <ownerType>USER</ownerType>
            </EntityAcl>
        </ExportManifestProperty>
    </ExportManifestEntity>
    <ExportManifestEntity path="Steel Wheels/Widget Library/Analysis Views/Regional Product Performance.xanalyzer">
        <ExportManifestProperty>
            <EntityMetaData name="Regional Product Performance.xanalyzer" createdDate="2017-07-10T13:55:30.818+08:00" isFolder="false" path="Steel Wheels/Widget Library/Analysis Views/Regional Product Performance.xanalyzer" isHidden="false" isSchedulable="true" locale="en_US" title="Regional Product Performance"/>
        </ExportManifestProperty>
        <ExportManifestProperty>
            <EntityAcl>
                <entriesInheriting>true</entriesInheriting>
                <owner>admin</owner>
                <ownerType>USER</ownerType>
            </EntityAcl>
        </ExportManifestProperty>
    </ExportManifestEntity>
    <ExportManifestEntity path="Steel Wheels/Widget Library/Analysis Views/Sales Trend Multi-chart.xanalyzer">
        <ExportManifestProperty>
            <EntityMetaData name="Sales Trend Multi-chart.xanalyzer" createdDate="2017-07-10T13:55:22.914+08:00" isFolder="false" path="Steel Wheels/Widget Library/Analysis Views/Sales Trend Multi-chart.xanalyzer" isHidden="false" isSchedulable="true" locale="en_US" title="Sales Trend Multi-chart"/>
        </ExportManifestProperty>
        <ExportManifestProperty>
            <EntityAcl>
                <entriesInheriting>true</entriesInheriting>
                <owner>admin</owner>
                <ownerType>USER</ownerType>
            </EntityAcl>
        </ExportManifestProperty>
    </ExportManifestEntity>
    <ExportManifestEntity path="Steel Wheels/Widget Library/Analysis Views/Territory Sales.xanalyzer">
        <ExportManifestProperty>
            <EntityMetaData name="Territory Sales.xanalyzer" createdDate="2017-07-10T13:55:39.910+08:00" isFolder="false" path="Steel Wheels/Widget Library/Analysis Views/Territory Sales.xanalyzer" isHidden="false" isSchedulable="true" locale="en_US" title="Territory Sales"/>
        </ExportManifestProperty>
        <ExportManifestProperty>
            <EntityAcl>
                <entriesInheriting>true</entriesInheriting>
                <owner>admin</owner>
                <ownerType>USER</ownerType>
            </EntityAcl>
        </ExportManifestProperty>
    </ExportManifestEntity>
    <ExportManifestEntity path="Steel Wheels/Widget Library/Analysis Views/Top 10 Customers Chart.xanalyzer">
        <ExportManifestProperty>
            <EntityMetaData name="Top 10 Customers Chart.xanalyzer" createdDate="2017-07-10T13:55:27.990+08:00" isFolder="false" path="Steel Wheels/Widget Library/Analysis Views/Top 10 Customers Chart.xanalyzer" isHidden="false" isSchedulable="true" locale="en_US" title="Top 10 Customers Chart"/>
        </ExportManifestProperty>
        <ExportManifestProperty>
            <EntityAcl>
                <entriesInheriting>true</entriesInheriting>
                <owner>admin</owner>
                <ownerType>USER</ownerType>
            </EntityAcl>
        </ExportManifestProperty>
    </ExportManifestEntity>
    <ExportManifestEntity path="Steel Wheels/Widget Library/Report Snippets">
        <ExportManifestProperty>
            <EntityMetaData name="Report Snippets" createdDate="2017-07-10T13:55:19.045+08:00" isFolder="true" path="Steel Wheels/Widget Library/Report Snippets" isHidden="false" isSchedulable="false" locale="en_US" description="Reports" title="Reports"/>
        </ExportManifestProperty>
        <ExportManifestProperty>
            <EntityAcl>
                <entriesInheriting>true</entriesInheriting>
                <owner>admin</owner>
                <ownerType>USER</ownerType>
            </EntityAcl>
        </ExportManifestProperty>
    </ExportManifestEntity>
    <ExportManifestEntity path="Steel Wheels/Widget Library/Report Snippets/Bubble Chart.prpt">
        <ExportManifestProperty>
            <EntityMetaData name="Bubble Chart.prpt" createdDate="2017-07-10T13:56:12.997+08:00" isFolder="false" path="Steel Wheels/Widget Library/Report Snippets/Bubble Chart.prpt" isHidden="false" isSchedulable="true" locale="en_US" description="Charts" title="Product Profitability"/>
        </ExportManifestProperty>
        <ExportManifestProperty>
            <EntityAcl>
                <entriesInheriting>true</entriesInheriting>
                <owner>admin</owner>
                <ownerType>USER</ownerType>
            </EntityAcl>
        </ExportManifestProperty>
    </ExportManifestEntity>
    <ExportManifestEntity path="Steel Wheels/Widget Library/Report Snippets/InventorybyLine.prpt">
        <ExportManifestProperty>
            <EntityMetaData name="InventorybyLine.prpt" createdDate="2017-07-10T13:56:31.842+08:00" isFolder="false" path="Steel Wheels/Widget Library/Report Snippets/InventorybyLine.prpt" isHidden="false" isSchedulable="true" locale="en_US" description="Operational Reports" title="Inventory by Line"/>
        </ExportManifestProperty>
        <ExportManifestProperty>
            <EntityAcl>
                <entriesInheriting>true</entriesInheriting>
                <owner>admin</owner>
                <ownerType>USER</ownerType>
            </EntityAcl>
        </ExportManifestProperty>
    </ExportManifestEntity>
    <ExportManifestEntity path="Steel Wheels/Widget Library/Report Snippets/PentahoReporting.png">
        <ExportManifestProperty>
            <EntityMetaData name="PentahoReporting.png" createdDate="2017-07-10T13:56:18.884+08:00" isFolder="false" path="Steel Wheels/Widget Library/Report Snippets/PentahoReporting.png" isHidden="true" isSchedulable="true" locale="en_US" title="PentahoReporting.png"/>
        </ExportManifestProperty>
        <ExportManifestProperty>
            <EntityAcl>
                <entriesInheriting>true</entriesInheriting>
                <owner>admin</owner>
                <ownerType>USER</ownerType>
            </EntityAcl>
        </ExportManifestProperty>
    </ExportManifestEntity>
    <ExportManifestEntity path="Steel Wheels/Widget Library/Report Snippets/PentahoReportingMDX.png">
        <ExportManifestProperty>
            <EntityMetaData name="PentahoReportingMDX.png" createdDate="2017-07-10T13:56:09.154+08:00" isFolder="false" path="Steel Wheels/Widget Library/Report Snippets/PentahoReportingMDX.png" isHidden="true" isSchedulable="true" locale="en_US" title="PentahoReportingMDX.png"/>
        </ExportManifestProperty>
        <ExportManifestProperty>
            <EntityAcl>
                <entriesInheriting>true</entriesInheriting>
                <owner>admin</owner>
                <ownerType>USER</ownerType>
            </EntityAcl>
        </ExportManifestProperty>
    </ExportManifestEntity>
    <ExportManifestEntity path="Steel Wheels/Widget Library/Report Snippets/PentahoReportingXQuery.png">
        <ExportManifestProperty>
            <EntityMetaData name="PentahoReportingXQuery.png" createdDate="2017-07-10T13:55:43.916+08:00" isFolder="false" path="Steel Wheels/Widget Library/Report Snippets/PentahoReportingXQuery.png" isHidden="true" isSchedulable="true" locale="en_US" title="PentahoReportingXQuery.png"/>
        </ExportManifestProperty>
        <ExportManifestProperty>
            <EntityAcl>
                <entriesInheriting>true</entriesInheriting>
                <owner>admin</owner>
                <ownerType>USER</ownerType>
            </EntityAcl>
        </ExportManifestProperty>
    </ExportManifestEntity>
    <ExportManifestEntity path="Steel Wheels/Widget Library/Report Snippets/Product Sales.prpt">
        <ExportManifestProperty>
            <EntityMetaData name="Product Sales.prpt" createdDate="2017-07-10T13:55:50.505+08:00" isFolder="false" path="Steel Wheels/Widget Library/Report Snippets/Product Sales.prpt" isHidden="false" isSchedulable="true" locale="en_US" description="Operational Report" title="Product Sales"/>
        </ExportManifestProperty>
        <ExportManifestProperty>
            <EntityAcl>
                <entriesInheriting>true</entriesInheriting>
                <owner>admin</owner>
                <ownerType>USER</ownerType>
            </EntityAcl>
        </ExportManifestProperty>
    </ExportManifestEntity>
    <ExportManifestEntity path="Steel Wheels/Widget Library/Report Snippets/index.xml">
        <ExportManifestProperty>
            <EntityMetaData name="index.xml" createdDate="2017-07-10T13:56:05.469+08:00" isFolder="false" path="Steel Wheels/Widget Library/Report Snippets/index.xml" isHidden="true" isSchedulable="true" locale="en_US" title="index.xml"/>
        </ExportManifestProperty>
        <ExportManifestProperty>
            <EntityAcl>
                <entriesInheriting>true</entriesInheriting>
                <owner>admin</owner>
                <ownerType>USER</ownerType>
            </EntityAcl>
        </ExportManifestProperty>
    </ExportManifestEntity>
</ns2:ExportManifest>
