<?xml version="1.0" encoding="UTF-8" standalone="yes"?>
<ns2:ExportManifest xmlns:ns2="http://www.pentaho.com/schema/">
    <ExportManifestInformation exportDate="19-06-2017 06:20:48 GMT+08:00" exportBy="admin" rootFolder="/public/dashboard/" manifestVersion="2"/>
    <ExportManifestEntity path="FinancialController">
        <ExportManifestProperty>
            <EntityMetaData name="FinancialController" createdDate="2017-06-18T15:10:42.107+08:00" isFolder="true" path="FinancialController" isHidden="false" locale="zh_CN" title="FinancialController"/>
        </ExportManifestProperty>
        <ExportManifestProperty>
            <EntityAcl>
                <entriesInheriting>true</entriesInheriting>
                <owner>admin</owner>
                <ownerType>USER</ownerType>
            </EntityAcl>
        </ExportManifestProperty>
    </ExportManifestEntity>
    <ExportManifestEntity path="FinancialController/FinancialController.cda">
        <ExportManifestProperty>
            <EntityMetaData name="FinancialController.cda" createdDate="2017-06-18T15:10:42.467+08:00" isFolder="false" path="FinancialController/FinancialController.cda" isHidden="false" locale="zh_CN" title="FinancialController"/>
        </ExportManifestProperty>
        <ExportManifestProperty>
            <EntityAcl>
                <entriesInheriting>true</entriesInheriting>
                <owner>admin</owner>
                <ownerType>USER</ownerType>
            </EntityAcl>
        </ExportManifestProperty>
    </ExportManifestEntity>
    <ExportManifestEntity path="FinancialController/FinancialController.cdfde">
        <ExportManifestProperty>
            <EntityMetaData name="FinancialController.cdfde" createdDate="2017-06-18T15:10:42.538+08:00" isFolder="false" path="FinancialController/FinancialController.cdfde" isHidden="false" locale="zh_CN" title="FinancialController"/>
        </ExportManifestProperty>
        <ExportManifestProperty>
            <EntityAcl>
                <entriesInheriting>true</entriesInheriting>
                <owner>admin</owner>
                <ownerType>USER</ownerType>
            </EntityAcl>
        </ExportManifestProperty>
    </ExportManifestEntity>
    <ExportManifestEntity path="FinancialController/FinancialController.min.css">
        <ExportManifestProperty>
            <EntityMetaData name="FinancialController.min.css" createdDate="2017-06-18T15:10:42.597+08:00" isFolder="false" path="FinancialController/FinancialController.min.css" isHidden="true" locale="zh_CN" title="FinancialController.min"/>
        </ExportManifestProperty>
        <ExportManifestProperty>
            <EntityAcl>
                <entriesInheriting>true</entriesInheriting>
                <owner>admin</owner>
                <ownerType>USER</ownerType>
            </EntityAcl>
        </ExportManifestProperty>
    </ExportManifestEntity>
    <ExportManifestEntity path="FinancialController/FinancialController.wcdf">
        <ExportManifestProperty>
            <EntityMetaData name="FinancialController.wcdf" createdDate="2017-06-18T15:10:42.169+08:00" isFolder="false" path="FinancialController/FinancialController.wcdf" isHidden="false" locale="zh_CN" title="FinancialController"/>
        </ExportManifestProperty>
        <ExportManifestProperty>
            <EntityAcl>
                <entriesInheriting>true</entriesInheriting>
                <owner>admin</owner>
                <ownerType>USER</ownerType>
            </EntityAcl>
        </ExportManifestProperty>
    </ExportManifestEntity>
    <ExportManifestEntity path="FinancialController/echarts.min.js">
        <ExportManifestProperty>
            <EntityMetaData name="echarts.min.js" createdDate="2017-06-18T15:10:42.644+08:00" isFolder="false" path="FinancialController/echarts.min.js" isHidden="true" locale="zh_CN" title="echarts.min"/>
        </ExportManifestProperty>
        <ExportManifestProperty>
            <EntityAcl>
                <entriesInheriting>true</entriesInheriting>
                <owner>admin</owner>
                <ownerType>USER</ownerType>
            </EntityAcl>
        </ExportManifestProperty>
    </ExportManifestEntity>
</ns2:ExportManifest>
