<?xml version="1.0" encoding="UTF-8" standalone="yes"?>
<ns2:ExportManifest xmlns:ns2="http://www.pentaho.com/schema/">
    <ExportManifestInformation exportDate="16-06-2017 05:46:08 GMT+08:00" exportBy="admin" rootFolder="/public/" manifestVersion="2"/>
    <ExportManifestEntity path="UI">
        <ExportManifestProperty>
            <EntityMetaData name="UI" createdDate="2017-06-06T23:15:18.346+08:00" isFolder="true" path="UI" isHidden="false" locale="zh_CN" title="UI"/>
        </ExportManifestProperty>
        <ExportManifestProperty>
            <EntityAcl>
                <entriesInheriting>true</entriesInheriting>
                <owner>admin</owner>
                <ownerType>USER</ownerType>
            </EntityAcl>
        </ExportManifestProperty>
    </ExportManifestEntity>
    <ExportManifestEntity path="UI/BDP">
        <ExportManifestProperty>
            <EntityMetaData name="BDP" createdDate="2017-06-13T17:52:14.427+08:00" isFolder="true" path="UI/BDP" isHidden="false" locale="zh_CN" title="BDP"/>
        </ExportManifestProperty>
        <ExportManifestProperty>
            <EntityAcl>
                <entriesInheriting>true</entriesInheriting>
                <owner>admin</owner>
                <ownerType>USER</ownerType>
            </EntityAcl>
        </ExportManifestProperty>
    </ExportManifestEntity>
    <ExportManifestEntity path="UI/BDP/FinancialController">
        <ExportManifestProperty>
            <EntityMetaData name="FinancialController" createdDate="2017-06-14T13:47:46.816+08:00" isFolder="true" path="UI/BDP/FinancialController" isHidden="false" locale="zh_CN" title="FinancialController"/>
        </ExportManifestProperty>
        <ExportManifestProperty>
            <EntityAcl>
                <entriesInheriting>true</entriesInheriting>
                <owner>admin</owner>
                <ownerType>USER</ownerType>
            </EntityAcl>
        </ExportManifestProperty>
    </ExportManifestEntity>
    <ExportManifestEntity path="UI/BDP/FinancialController/FinancialController.cda">
        <ExportManifestProperty>
            <EntityMetaData name="FinancialController.cda" createdDate="2017-06-14T13:49:35.279+08:00" isFolder="false" path="UI/BDP/FinancialController/FinancialController.cda" isHidden="false" locale="zh_CN" title="FinancialController"/>
        </ExportManifestProperty>
        <ExportManifestProperty>
            <EntityAcl>
                <entriesInheriting>true</entriesInheriting>
                <owner>admin</owner>
                <ownerType>USER</ownerType>
            </EntityAcl>
        </ExportManifestProperty>
    </ExportManifestEntity>
    <ExportManifestEntity path="UI/BDP/FinancialController/FinancialController.cdfde">
        <ExportManifestProperty>
            <EntityMetaData name="FinancialController.cdfde" createdDate="2017-06-14T13:49:35.348+08:00" isFolder="false" path="UI/BDP/FinancialController/FinancialController.cdfde" isHidden="false" locale="zh_CN" title="FinancialController"/>
        </ExportManifestProperty>
        <ExportManifestProperty>
            <EntityAcl>
                <entriesInheriting>true</entriesInheriting>
                <owner>admin</owner>
                <ownerType>USER</ownerType>
            </EntityAcl>
        </ExportManifestProperty>
    </ExportManifestEntity>
    <ExportManifestEntity path="UI/BDP/FinancialController/FinancialController.wcdf">
        <ExportManifestProperty>
            <EntityMetaData name="FinancialController.wcdf" createdDate="2017-06-14T13:49:35.419+08:00" isFolder="false" path="UI/BDP/FinancialController/FinancialController.wcdf" isHidden="false" locale="zh_CN" title="FinancialController"/>
        </ExportManifestProperty>
        <ExportManifestProperty>
            <EntityAcl>
                <entriesInheriting>true</entriesInheriting>
                <owner>admin</owner>
                <ownerType>USER</ownerType>
            </EntityAcl>
        </ExportManifestProperty>
    </ExportManifestEntity>
    <ExportManifestEntity path="UI/BDP/GeneralManager">
        <ExportManifestProperty>
            <EntityMetaData name="GeneralManager" createdDate="2017-06-14T13:51:22.413+08:00" isFolder="true" path="UI/BDP/GeneralManager" isHidden="false" locale="zh_CN" title="GeneralManager"/>
        </ExportManifestProperty>
        <ExportManifestProperty>
            <EntityAcl>
                <entriesInheriting>true</entriesInheriting>
                <owner>admin</owner>
                <ownerType>USER</ownerType>
            </EntityAcl>
        </ExportManifestProperty>
    </ExportManifestEntity>
    <ExportManifestEntity path="UI/BDP/OperationsDirector">
        <ExportManifestProperty>
            <EntityMetaData name="OperationsDirector" createdDate="2017-06-14T13:45:03.715+08:00" isFolder="true" path="UI/BDP/OperationsDirector" isHidden="false" locale="zh_CN" title="OperationsDirector"/>
        </ExportManifestProperty>
        <ExportManifestProperty>
            <EntityAcl>
                <entriesInheriting>true</entriesInheriting>
                <owner>admin</owner>
                <ownerType>USER</ownerType>
            </EntityAcl>
        </ExportManifestProperty>
    </ExportManifestEntity>
    <ExportManifestEntity path="UI/BDP/OperationsDirector/OperationsDirector.cda">
        <ExportManifestProperty>
            <EntityMetaData name="OperationsDirector.cda" createdDate="2017-06-14T13:46:40.360+08:00" isFolder="false" path="UI/BDP/OperationsDirector/OperationsDirector.cda" isHidden="false" locale="zh_CN" title="OperationsDirector"/>
        </ExportManifestProperty>
        <ExportManifestProperty>
            <EntityAcl>
                <entriesInheriting>true</entriesInheriting>
                <owner>admin</owner>
                <ownerType>USER</ownerType>
            </EntityAcl>
        </ExportManifestProperty>
    </ExportManifestEntity>
    <ExportManifestEntity path="UI/BDP/OperationsDirector/OperationsDirector.cdfde">
        <ExportManifestProperty>
            <EntityMetaData name="OperationsDirector.cdfde" createdDate="2017-06-14T13:46:40.429+08:00" isFolder="false" path="UI/BDP/OperationsDirector/OperationsDirector.cdfde" isHidden="false" locale="zh_CN" title="OperationsDirector"/>
        </ExportManifestProperty>
        <ExportManifestProperty>
            <EntityAcl>
                <entriesInheriting>true</entriesInheriting>
                <owner>admin</owner>
                <ownerType>USER</ownerType>
            </EntityAcl>
        </ExportManifestProperty>
    </ExportManifestEntity>
    <ExportManifestEntity path="UI/BDP/OperationsDirector/OperationsDirector.wcdf">
        <ExportManifestProperty>
            <EntityMetaData name="OperationsDirector.wcdf" createdDate="2017-06-14T13:46:40.544+08:00" isFolder="false" path="UI/BDP/OperationsDirector/OperationsDirector.wcdf" isHidden="false" locale="zh_CN" title="OperationsDirector"/>
        </ExportManifestProperty>
        <ExportManifestProperty>
            <EntityAcl>
                <entriesInheriting>true</entriesInheriting>
                <owner>admin</owner>
                <ownerType>USER</ownerType>
            </EntityAcl>
        </ExportManifestProperty>
    </ExportManifestEntity>
    <ExportManifestEntity path="UI/BDP/StoreOperation">
        <ExportManifestProperty>
            <EntityMetaData name="StoreOperation" createdDate="2017-06-14T13:42:25.385+08:00" isFolder="true" path="UI/BDP/StoreOperation" isHidden="false" locale="zh_CN" title="StoreOperation"/>
        </ExportManifestProperty>
        <ExportManifestProperty>
            <EntityAcl>
                <entriesInheriting>true</entriesInheriting>
                <owner>admin</owner>
                <ownerType>USER</ownerType>
            </EntityAcl>
        </ExportManifestProperty>
    </ExportManifestEntity>
    <ExportManifestEntity path="UI/BDP/StoreOperation/StoreOperation.cda">
        <ExportManifestProperty>
            <EntityMetaData name="StoreOperation.cda" createdDate="2017-06-14T13:43:49.574+08:00" isFolder="false" path="UI/BDP/StoreOperation/StoreOperation.cda" isHidden="false" locale="zh_CN" title="StoreOperation"/>
        </ExportManifestProperty>
        <ExportManifestProperty>
            <EntityAcl>
                <entriesInheriting>true</entriesInheriting>
                <owner>admin</owner>
                <ownerType>USER</ownerType>
            </EntityAcl>
        </ExportManifestProperty>
    </ExportManifestEntity>
    <ExportManifestEntity path="UI/BDP/StoreOperation/StoreOperation.cdfde">
        <ExportManifestProperty>
            <EntityMetaData name="StoreOperation.cdfde" createdDate="2017-06-14T13:43:49.940+08:00" isFolder="false" path="UI/BDP/StoreOperation/StoreOperation.cdfde" isHidden="false" locale="zh_CN" title="StoreOperation"/>
        </ExportManifestProperty>
        <ExportManifestProperty>
            <EntityAcl>
                <entriesInheriting>true</entriesInheriting>
                <owner>admin</owner>
                <ownerType>USER</ownerType>
            </EntityAcl>
        </ExportManifestProperty>
    </ExportManifestEntity>
    <ExportManifestEntity path="UI/BDP/StoreOperation/StoreOperation.min.css">
        <ExportManifestProperty>
            <EntityMetaData name="StoreOperation.min.css" createdDate="2017-06-15T16:28:37.442+08:00" isFolder="false" path="UI/BDP/StoreOperation/StoreOperation.min.css" isHidden="true" locale="zh_CN" title="StoreOperation.min"/>
        </ExportManifestProperty>
        <ExportManifestProperty>
            <EntityAcl>
                <entriesInheriting>true</entriesInheriting>
                <owner>admin</owner>
                <ownerType>USER</ownerType>
            </EntityAcl>
        </ExportManifestProperty>
    </ExportManifestEntity>
    <ExportManifestEntity path="UI/BDP/StoreOperation/StoreOperation.wcdf">
        <ExportManifestProperty>
            <EntityMetaData name="StoreOperation.wcdf" createdDate="2017-06-14T13:43:50.043+08:00" isFolder="false" path="UI/BDP/StoreOperation/StoreOperation.wcdf" isHidden="false" locale="zh_CN" title="StoreOperation"/>
        </ExportManifestProperty>
        <ExportManifestProperty>
            <EntityAcl>
                <entriesInheriting>true</entriesInheriting>
                <owner>admin</owner>
                <ownerType>USER</ownerType>
            </EntityAcl>
        </ExportManifestProperty>
    </ExportManifestEntity>
    <ExportManifestEntity path="UI/Template0">
        <ExportManifestProperty>
            <EntityMetaData name="Template0" createdDate="2017-06-06T23:15:18.424+08:00" isFolder="true" path="UI/Template0" isHidden="false" locale="zh_CN" title="Template0"/>
        </ExportManifestProperty>
        <ExportManifestProperty>
            <EntityAcl>
                <entriesInheriting>true</entriesInheriting>
                <owner>admin</owner>
                <ownerType>USER</ownerType>
            </EntityAcl>
        </ExportManifestProperty>
    </ExportManifestEntity>
    <ExportManifestEntity path="UI/Template0/TableComponent.cda">
        <ExportManifestProperty>
            <EntityMetaData name="TableComponent.cda" createdDate="2017-06-07T11:42:31.449+08:00" isFolder="false" path="UI/Template0/TableComponent.cda" isHidden="false" locale="zh_CN" title="TableComponent"/>
        </ExportManifestProperty>
        <ExportManifestProperty>
            <EntityAcl>
                <entriesInheriting>true</entriesInheriting>
                <owner>admin</owner>
                <ownerType>USER</ownerType>
            </EntityAcl>
        </ExportManifestProperty>
    </ExportManifestEntity>
    <ExportManifestEntity path="UI/Template0/TableComponent.cdfde">
        <ExportManifestProperty>
            <EntityMetaData name="TableComponent.cdfde" createdDate="2017-06-07T11:42:31.516+08:00" isFolder="false" path="UI/Template0/TableComponent.cdfde" isHidden="false" locale="zh_CN" title="TableComponent"/>
        </ExportManifestProperty>
        <ExportManifestProperty>
            <EntityAcl>
                <entriesInheriting>true</entriesInheriting>
                <owner>admin</owner>
                <ownerType>USER</ownerType>
            </EntityAcl>
        </ExportManifestProperty>
    </ExportManifestEntity>
    <ExportManifestEntity path="UI/Template0/TableComponent.wcdf">
        <ExportManifestProperty>
            <EntityMetaData name="TableComponent.wcdf" createdDate="2017-06-07T11:42:31.585+08:00" isFolder="false" path="UI/Template0/TableComponent.wcdf" isHidden="false" locale="zh_CN" title="TableComponent"/>
        </ExportManifestProperty>
        <ExportManifestProperty>
            <EntityAcl>
                <entriesInheriting>true</entriesInheriting>
                <owner>admin</owner>
                <ownerType>USER</ownerType>
            </EntityAcl>
        </ExportManifestProperty>
    </ExportManifestEntity>
    <ExportManifestEntity path="UI/Template0/Template0.cdfde">
        <ExportManifestProperty>
            <EntityMetaData name="Template0.cdfde" createdDate="2017-06-06T23:15:18.510+08:00" isFolder="false" path="UI/Template0/Template0.cdfde" isHidden="false" locale="zh_CN" title="Template0"/>
        </ExportManifestProperty>
        <ExportManifestProperty>
            <EntityAcl>
                <entriesInheriting>true</entriesInheriting>
                <owner>admin</owner>
                <ownerType>USER</ownerType>
            </EntityAcl>
        </ExportManifestProperty>
    </ExportManifestEntity>
    <ExportManifestEntity path="UI/Template0/Template0.wcdf">
        <ExportManifestProperty>
            <EntityMetaData name="Template0.wcdf" createdDate="2017-06-06T23:15:19.136+08:00" isFolder="false" path="UI/Template0/Template0.wcdf" isHidden="false" locale="zh_CN" title="Template0"/>
        </ExportManifestProperty>
        <ExportManifestProperty>
            <EntityAcl>
                <entriesInheriting>true</entriesInheriting>
                <owner>admin</owner>
                <ownerType>USER</ownerType>
            </EntityAcl>
        </ExportManifestProperty>
    </ExportManifestEntity>
    <ExportManifestEntity path="UI/Template0/TemplateComponent.cda">
        <ExportManifestProperty>
            <EntityMetaData name="TemplateComponent.cda" createdDate="2017-06-06T23:15:18.706+08:00" isFolder="false" path="UI/Template0/TemplateComponent.cda" isHidden="false" locale="zh_CN" title="TemplateComponent"/>
        </ExportManifestProperty>
        <ExportManifestProperty>
            <EntityAcl>
                <entriesInheriting>true</entriesInheriting>
                <owner>admin</owner>
                <ownerType>USER</ownerType>
            </EntityAcl>
        </ExportManifestProperty>
    </ExportManifestEntity>
    <ExportManifestEntity path="UI/Template0/TemplateComponent.cdfde">
        <ExportManifestProperty>
            <EntityMetaData name="TemplateComponent.cdfde" createdDate="2017-06-06T23:15:18.865+08:00" isFolder="false" path="UI/Template0/TemplateComponent.cdfde" isHidden="false" locale="zh_CN" title="TemplateComponent"/>
        </ExportManifestProperty>
        <ExportManifestProperty>
            <EntityAcl>
                <entriesInheriting>true</entriesInheriting>
                <owner>admin</owner>
                <ownerType>USER</ownerType>
            </EntityAcl>
        </ExportManifestProperty>
    </ExportManifestEntity>
    <ExportManifestEntity path="UI/Template0/TemplateComponent.wcdf">
        <ExportManifestProperty>
            <EntityMetaData name="TemplateComponent.wcdf" createdDate="2017-06-06T23:15:19.011+08:00" isFolder="false" path="UI/Template0/TemplateComponent.wcdf" isHidden="false" locale="zh_CN" title="TemplateComponent"/>
        </ExportManifestProperty>
        <ExportManifestProperty>
            <EntityAcl>
                <entriesInheriting>true</entriesInheriting>
                <owner>admin</owner>
                <ownerType>USER</ownerType>
            </EntityAcl>
        </ExportManifestProperty>
    </ExportManifestEntity>
    <ExportManifestEntity path="UI/Template1">
        <ExportManifestProperty>
            <EntityMetaData name="Template1" createdDate="2017-06-06T23:15:19.239+08:00" isFolder="true" path="UI/Template1" isHidden="false" locale="zh_CN" title="Template1"/>
        </ExportManifestProperty>
        <ExportManifestProperty>
            <EntityAcl>
                <entriesInheriting>true</entriesInheriting>
                <owner>admin</owner>
                <ownerType>USER</ownerType>
            </EntityAcl>
        </ExportManifestProperty>
    </ExportManifestEntity>
    <ExportManifestEntity path="UI/Template1/DashboardComponent.cda">
        <ExportManifestProperty>
            <EntityMetaData name="DashboardComponent.cda" createdDate="2017-06-08T10:18:43.974+08:00" isFolder="false" path="UI/Template1/DashboardComponent.cda" isHidden="false" locale="zh_CN" title="DashboardComponent"/>
        </ExportManifestProperty>
        <ExportManifestProperty>
            <EntityAcl>
                <entriesInheriting>true</entriesInheriting>
                <owner>admin</owner>
                <ownerType>USER</ownerType>
            </EntityAcl>
        </ExportManifestProperty>
    </ExportManifestEntity>
    <ExportManifestEntity path="UI/Template1/DashboardComponent.cdfde">
        <ExportManifestProperty>
            <EntityMetaData name="DashboardComponent.cdfde" createdDate="2017-06-08T10:18:44.214+08:00" isFolder="false" path="UI/Template1/DashboardComponent.cdfde" isHidden="false" locale="zh_CN" title="DashboardComponent"/>
        </ExportManifestProperty>
        <ExportManifestProperty>
            <EntityAcl>
                <entriesInheriting>true</entriesInheriting>
                <owner>admin</owner>
                <ownerType>USER</ownerType>
            </EntityAcl>
        </ExportManifestProperty>
    </ExportManifestEntity>
    <ExportManifestEntity path="UI/Template1/DashboardComponent.wcdf">
        <ExportManifestProperty>
            <EntityMetaData name="DashboardComponent.wcdf" createdDate="2017-06-08T10:18:44.542+08:00" isFolder="false" path="UI/Template1/DashboardComponent.wcdf" isHidden="false" locale="zh_CN" title="DashboardComponent"/>
        </ExportManifestProperty>
        <ExportManifestProperty>
            <EntityAcl>
                <entriesInheriting>true</entriesInheriting>
                <owner>admin</owner>
                <ownerType>USER</ownerType>
            </EntityAcl>
        </ExportManifestProperty>
    </ExportManifestEntity>
    <ExportManifestEntity path="UI/Template1/LegendPagination.cda">
        <ExportManifestProperty>
            <EntityMetaData name="LegendPagination.cda" createdDate="2017-06-08T10:58:09.582+08:00" isFolder="false" path="UI/Template1/LegendPagination.cda" isHidden="false" locale="zh_CN" title="LegendPagination.cda"/>
        </ExportManifestProperty>
        <ExportManifestProperty>
            <EntityAcl>
                <entriesInheriting>true</entriesInheriting>
                <owner>admin</owner>
                <ownerType>USER</ownerType>
            </EntityAcl>
        </ExportManifestProperty>
    </ExportManifestEntity>
    <ExportManifestEntity path="UI/Template1/LegendPagination.cdfde">
        <ExportManifestProperty>
            <EntityMetaData name="LegendPagination.cdfde" createdDate="2017-06-08T10:53:07.902+08:00" isFolder="false" path="UI/Template1/LegendPagination.cdfde" isHidden="false" locale="zh_CN" title="LegendPagination.cdfde"/>
        </ExportManifestProperty>
        <ExportManifestProperty>
            <EntityAcl>
                <entriesInheriting>true</entriesInheriting>
                <owner>admin</owner>
                <ownerType>USER</ownerType>
            </EntityAcl>
        </ExportManifestProperty>
    </ExportManifestEntity>
    <ExportManifestEntity path="UI/Template1/LegendPagination.wcdf">
        <ExportManifestProperty>
            <EntityMetaData name="LegendPagination.wcdf" createdDate="2017-06-08T10:53:07.759+08:00" isFolder="false" path="UI/Template1/LegendPagination.wcdf" isHidden="false" locale="zh_CN" description="LegendPagination" title="图例分页"/>
        </ExportManifestProperty>
        <ExportManifestProperty>
            <EntityAcl>
                <entriesInheriting>true</entriesInheriting>
                <owner>admin</owner>
                <ownerType>USER</ownerType>
            </EntityAcl>
        </ExportManifestProperty>
    </ExportManifestEntity>
    <ExportManifestEntity path="UI/Template1/TableComponent.cda">
        <ExportManifestProperty>
            <EntityMetaData name="TableComponent.cda" createdDate="2017-06-06T23:15:19.302+08:00" isFolder="false" path="UI/Template1/TableComponent.cda" isHidden="false" locale="zh_CN" title="TableComponent"/>
        </ExportManifestProperty>
        <ExportManifestProperty>
            <EntityAcl>
                <entriesInheriting>true</entriesInheriting>
                <owner>admin</owner>
                <ownerType>USER</ownerType>
            </EntityAcl>
        </ExportManifestProperty>
    </ExportManifestEntity>
    <ExportManifestEntity path="UI/Template1/TableComponent.cdfde">
        <ExportManifestProperty>
            <EntityMetaData name="TableComponent.cdfde" createdDate="2017-06-06T23:15:19.401+08:00" isFolder="false" path="UI/Template1/TableComponent.cdfde" isHidden="false" locale="zh_CN" title="TableComponent"/>
        </ExportManifestProperty>
        <ExportManifestProperty>
            <EntityAcl>
                <entriesInheriting>true</entriesInheriting>
                <owner>admin</owner>
                <ownerType>USER</ownerType>
            </EntityAcl>
        </ExportManifestProperty>
    </ExportManifestEntity>
    <ExportManifestEntity path="UI/Template1/TableComponent.wcdf">
        <ExportManifestProperty>
            <EntityMetaData name="TableComponent.wcdf" createdDate="2017-06-06T23:15:21.369+08:00" isFolder="false" path="UI/Template1/TableComponent.wcdf" isHidden="false" locale="zh_CN" title="TableComponent"/>
        </ExportManifestProperty>
        <ExportManifestProperty>
            <EntityAcl>
                <entriesInheriting>true</entriesInheriting>
                <owner>admin</owner>
                <ownerType>USER</ownerType>
            </EntityAcl>
        </ExportManifestProperty>
    </ExportManifestEntity>
    <ExportManifestEntity path="UI/Template1/TemplateComponent.cda">
        <ExportManifestProperty>
            <EntityMetaData name="TemplateComponent.cda" createdDate="2017-06-06T23:15:19.575+08:00" isFolder="false" path="UI/Template1/TemplateComponent.cda" isHidden="false" locale="zh_CN" title="TemplateComponent"/>
        </ExportManifestProperty>
        <ExportManifestProperty>
            <EntityAcl>
                <entriesInheriting>true</entriesInheriting>
                <owner>admin</owner>
                <ownerType>USER</ownerType>
            </EntityAcl>
        </ExportManifestProperty>
    </ExportManifestEntity>
    <ExportManifestEntity path="UI/Template1/TemplateComponent.cdfde">
        <ExportManifestProperty>
            <EntityMetaData name="TemplateComponent.cdfde" createdDate="2017-06-06T23:15:19.980+08:00" isFolder="false" path="UI/Template1/TemplateComponent.cdfde" isHidden="false" locale="zh_CN" title="TemplateComponent"/>
        </ExportManifestProperty>
        <ExportManifestProperty>
            <EntityAcl>
                <entriesInheriting>true</entriesInheriting>
                <owner>admin</owner>
                <ownerType>USER</ownerType>
            </EntityAcl>
        </ExportManifestProperty>
    </ExportManifestEntity>
    <ExportManifestEntity path="UI/Template1/TemplateComponent.wcdf">
        <ExportManifestProperty>
            <EntityMetaData name="TemplateComponent.wcdf" createdDate="2017-06-06T23:15:20.168+08:00" isFolder="false" path="UI/Template1/TemplateComponent.wcdf" isHidden="false" locale="zh_CN" title="TemplateComponent"/>
        </ExportManifestProperty>
        <ExportManifestProperty>
            <EntityAcl>
                <entriesInheriting>true</entriesInheriting>
                <owner>admin</owner>
                <ownerType>USER</ownerType>
            </EntityAcl>
        </ExportManifestProperty>
    </ExportManifestEntity>
    <ExportManifestEntity path="UI/Template1/index.xml">
        <ExportManifestProperty>
            <EntityMetaData name="index.xml" createdDate="2017-06-08T10:18:44.666+08:00" isFolder="false" path="UI/Template1/index.xml" isHidden="false" locale="zh_CN" title="index"/>
        </ExportManifestProperty>
        <ExportManifestProperty>
            <EntityAcl>
                <entriesInheriting>true</entriesInheriting>
                <owner>admin</owner>
                <ownerType>USER</ownerType>
            </EntityAcl>
        </ExportManifestProperty>
    </ExportManifestEntity>
    <ExportManifestEntity path="UI/Template1/messages.properties">
        <ExportManifestProperty>
            <EntityMetaData name="messages.properties" createdDate="2017-06-06T23:15:20.368+08:00" isFolder="false" path="UI/Template1/messages.properties" isHidden="true" locale="zh_CN" title="messages"/>
        </ExportManifestProperty>
        <ExportManifestProperty>
            <EntityAcl>
                <entriesInheriting>true</entriesInheriting>
                <owner>admin</owner>
                <ownerType>USER</ownerType>
            </EntityAcl>
        </ExportManifestProperty>
    </ExportManifestEntity>
    <ExportManifestEntity path="UI/Template1/messages_en.properties">
        <ExportManifestProperty>
            <EntityMetaData name="messages_en.properties" createdDate="2017-06-06T23:15:20.556+08:00" isFolder="false" path="UI/Template1/messages_en.properties" isHidden="true" locale="zh_CN" title="messages_en"/>
        </ExportManifestProperty>
        <ExportManifestProperty>
            <EntityAcl>
                <entriesInheriting>true</entriesInheriting>
                <owner>admin</owner>
                <ownerType>USER</ownerType>
            </EntityAcl>
        </ExportManifestProperty>
    </ExportManifestEntity>
    <ExportManifestEntity path="UI/Template1/messages_pt.properties">
        <ExportManifestProperty>
            <EntityMetaData name="messages_pt.properties" createdDate="2017-06-06T23:15:20.813+08:00" isFolder="false" path="UI/Template1/messages_pt.properties" isHidden="true" locale="zh_CN" title="messages_pt"/>
        </ExportManifestProperty>
        <ExportManifestProperty>
            <EntityAcl>
                <entriesInheriting>true</entriesInheriting>
                <owner>admin</owner>
                <ownerType>USER</ownerType>
            </EntityAcl>
        </ExportManifestProperty>
    </ExportManifestEntity>
    <ExportManifestEntity path="UI/Template1/messages_supported_languages.properties">
        <ExportManifestProperty>
            <EntityMetaData name="messages_supported_languages.properties" createdDate="2017-06-06T23:15:20.951+08:00" isFolder="false" path="UI/Template1/messages_supported_languages.properties" isHidden="true" locale="zh_CN" title="messages_supported_languages"/>
        </ExportManifestProperty>
        <ExportManifestProperty>
            <EntityAcl>
                <entriesInheriting>true</entriesInheriting>
                <owner>admin</owner>
                <ownerType>USER</ownerType>
            </EntityAcl>
        </ExportManifestProperty>
    </ExportManifestEntity>
    <ExportManifestEntity path="UI/Template1/messages_zh.properties">
        <ExportManifestProperty>
            <EntityMetaData name="messages_zh.properties" createdDate="2017-06-06T23:15:21.189+08:00" isFolder="false" path="UI/Template1/messages_zh.properties" isHidden="true" locale="zh_CN" title="messages_zh"/>
        </ExportManifestProperty>
        <ExportManifestProperty>
            <EntityAcl>
                <entriesInheriting>true</entriesInheriting>
                <owner>admin</owner>
                <ownerType>USER</ownerType>
            </EntityAcl>
        </ExportManifestProperty>
    </ExportManifestEntity>
    <ExportManifestEntity path="UI/Template2">
        <ExportManifestProperty>
            <EntityMetaData name="Template2" createdDate="2017-06-06T23:15:21.543+08:00" isFolder="true" path="UI/Template2" isHidden="false" locale="zh_CN" title="Template2"/>
        </ExportManifestProperty>
        <ExportManifestProperty>
            <EntityAcl>
                <entriesInheriting>true</entriesInheriting>
                <owner>admin</owner>
                <ownerType>USER</ownerType>
            </EntityAcl>
        </ExportManifestProperty>
    </ExportManifestEntity>
    <ExportManifestEntity path="UI/Template2/TableComponent.cda">
        <ExportManifestProperty>
            <EntityMetaData name="TableComponent.cda" createdDate="2017-06-09T11:33:05.976+08:00" isFolder="false" path="UI/Template2/TableComponent.cda" isHidden="false" locale="zh_CN" title="TableComponent"/>
        </ExportManifestProperty>
        <ExportManifestProperty>
            <EntityAcl>
                <entriesInheriting>true</entriesInheriting>
                <owner>admin</owner>
                <ownerType>USER</ownerType>
            </EntityAcl>
        </ExportManifestProperty>
    </ExportManifestEntity>
    <ExportManifestEntity path="UI/Template2/TableComponent.cdfde">
        <ExportManifestProperty>
            <EntityMetaData name="TableComponent.cdfde" createdDate="2017-06-09T11:33:06.031+08:00" isFolder="false" path="UI/Template2/TableComponent.cdfde" isHidden="false" locale="zh_CN" title="TableComponent"/>
        </ExportManifestProperty>
        <ExportManifestProperty>
            <EntityAcl>
                <entriesInheriting>true</entriesInheriting>
                <owner>admin</owner>
                <ownerType>USER</ownerType>
            </EntityAcl>
        </ExportManifestProperty>
    </ExportManifestEntity>
    <ExportManifestEntity path="UI/Template2/TableComponent.wcdf">
        <ExportManifestProperty>
            <EntityMetaData name="TableComponent.wcdf" createdDate="2017-06-09T11:33:06.074+08:00" isFolder="false" path="UI/Template2/TableComponent.wcdf" isHidden="false" locale="zh_CN" title="TableComponent"/>
        </ExportManifestProperty>
        <ExportManifestProperty>
            <EntityAcl>
                <entriesInheriting>true</entriesInheriting>
                <owner>admin</owner>
                <ownerType>USER</ownerType>
            </EntityAcl>
        </ExportManifestProperty>
    </ExportManifestEntity>
    <ExportManifestEntity path="UI/Template2/Template2.cdfde">
        <ExportManifestProperty>
            <EntityMetaData name="Template2.cdfde" createdDate="2017-06-06T23:15:21.820+08:00" isFolder="false" path="UI/Template2/Template2.cdfde" isHidden="false" locale="zh_CN" title="Template2"/>
        </ExportManifestProperty>
        <ExportManifestProperty>
            <EntityAcl>
                <entriesInheriting>true</entriesInheriting>
                <owner>admin</owner>
                <ownerType>USER</ownerType>
            </EntityAcl>
        </ExportManifestProperty>
    </ExportManifestEntity>
    <ExportManifestEntity path="UI/Template2/Template2.wcdf">
        <ExportManifestProperty>
            <EntityMetaData name="Template2.wcdf" createdDate="2017-06-06T23:15:21.688+08:00" isFolder="false" path="UI/Template2/Template2.wcdf" isHidden="false" locale="zh_CN" title="Template2"/>
        </ExportManifestProperty>
        <ExportManifestProperty>
            <EntityAcl>
                <entriesInheriting>true</entriesInheriting>
                <owner>admin</owner>
                <ownerType>USER</ownerType>
            </EntityAcl>
        </ExportManifestProperty>
    </ExportManifestEntity>
    <ExportManifestEntity path="UI/Template2/TestTemplate.cda">
        <ExportManifestProperty>
            <EntityMetaData name="TestTemplate.cda" createdDate="2017-06-06T23:15:21.999+08:00" isFolder="false" path="UI/Template2/TestTemplate.cda" isHidden="false" locale="zh_CN" title="TestTemplate"/>
        </ExportManifestProperty>
        <ExportManifestProperty>
            <EntityAcl>
                <entriesInheriting>true</entriesInheriting>
                <owner>admin</owner>
                <ownerType>USER</ownerType>
            </EntityAcl>
        </ExportManifestProperty>
    </ExportManifestEntity>
    <ExportManifestEntity path="UI/Template2/TestTemplate.cdfde">
        <ExportManifestProperty>
            <EntityMetaData name="TestTemplate.cdfde" createdDate="2017-06-06T23:15:22.148+08:00" isFolder="false" path="UI/Template2/TestTemplate.cdfde" isHidden="false" locale="zh_CN" title="TestTemplate"/>
        </ExportManifestProperty>
        <ExportManifestProperty>
            <EntityAcl>
                <entriesInheriting>true</entriesInheriting>
                <owner>admin</owner>
                <ownerType>USER</ownerType>
            </EntityAcl>
        </ExportManifestProperty>
    </ExportManifestEntity>
    <ExportManifestEntity path="UI/Template2/TestTemplate.wcdf">
        <ExportManifestProperty>
            <EntityMetaData name="TestTemplate.wcdf" createdDate="2017-06-06T23:15:21.914+08:00" isFolder="false" path="UI/Template2/TestTemplate.wcdf" isHidden="false" locale="zh_CN" title="TestTemplate"/>
        </ExportManifestProperty>
        <ExportManifestProperty>
            <EntityAcl>
                <entriesInheriting>true</entriesInheriting>
                <owner>admin</owner>
                <ownerType>USER</ownerType>
            </EntityAcl>
        </ExportManifestProperty>
    </ExportManifestEntity>
    <ExportManifestEntity path="UI/Template2/demo.html">
        <ExportManifestProperty>
            <EntityMetaData name="demo.html" createdDate="2017-06-06T23:15:22.255+08:00" isFolder="false" path="UI/Template2/demo.html" isHidden="true" locale="zh_CN" title="demo"/>
        </ExportManifestProperty>
        <ExportManifestProperty>
            <EntityAcl>
                <entriesInheriting>true</entriesInheriting>
                <owner>admin</owner>
                <ownerType>USER</ownerType>
            </EntityAcl>
        </ExportManifestProperty>
    </ExportManifestEntity>
    <ExportManifestEntity path="UI/Template3">
        <ExportManifestProperty>
            <EntityMetaData name="Template3" createdDate="2017-06-06T23:15:22.428+08:00" isFolder="true" path="UI/Template3" isHidden="false" locale="zh_CN" title="Template3"/>
        </ExportManifestProperty>
        <ExportManifestProperty>
            <EntityAcl>
                <entriesInheriting>true</entriesInheriting>
                <owner>admin</owner>
                <ownerType>USER</ownerType>
            </EntityAcl>
        </ExportManifestProperty>
    </ExportManifestEntity>
    <ExportManifestEntity path="UI/Template3/Template3-Copy.cda">
        <ExportManifestProperty>
            <EntityMetaData name="Template3-Copy.cda" createdDate="2017-06-12T10:56:12.679+08:00" isFolder="false" path="UI/Template3/Template3-Copy.cda" isHidden="false" locale="zh_CN" title="Template3-Copy"/>
        </ExportManifestProperty>
        <ExportManifestProperty>
            <EntityAcl>
                <entriesInheriting>true</entriesInheriting>
                <owner>admin</owner>
                <ownerType>USER</ownerType>
            </EntityAcl>
        </ExportManifestProperty>
    </ExportManifestEntity>
    <ExportManifestEntity path="UI/Template3/Template3-Copy.cdfde">
        <ExportManifestProperty>
            <EntityMetaData name="Template3-Copy.cdfde" createdDate="2017-06-12T10:56:12.840+08:00" isFolder="false" path="UI/Template3/Template3-Copy.cdfde" isHidden="false" locale="zh_CN" title="Template3-Copy"/>
        </ExportManifestProperty>
        <ExportManifestProperty>
            <EntityAcl>
                <entriesInheriting>true</entriesInheriting>
                <owner>admin</owner>
                <ownerType>USER</ownerType>
            </EntityAcl>
        </ExportManifestProperty>
    </ExportManifestEntity>
    <ExportManifestEntity path="UI/Template3/Template3-Copy.wcdf">
        <ExportManifestProperty>
            <EntityMetaData name="Template3-Copy.wcdf" createdDate="2017-06-12T10:56:12.495+08:00" isFolder="false" path="UI/Template3/Template3-Copy.wcdf" isHidden="false" locale="zh_CN" title="Template3-Copy"/>
        </ExportManifestProperty>
        <ExportManifestProperty>
            <EntityAcl>
                <entriesInheriting>true</entriesInheriting>
                <owner>admin</owner>
                <ownerType>USER</ownerType>
            </EntityAcl>
        </ExportManifestProperty>
    </ExportManifestEntity>
    <ExportManifestEntity path="UI/Template3/Template3.cda">
        <ExportManifestProperty>
            <EntityMetaData name="Template3.cda" createdDate="2017-06-06T23:15:23.275+08:00" isFolder="false" path="UI/Template3/Template3.cda" isHidden="false" locale="zh_CN" title="Template3"/>
        </ExportManifestProperty>
        <ExportManifestProperty>
            <EntityAcl>
                <entriesInheriting>true</entriesInheriting>
                <owner>admin</owner>
                <ownerType>USER</ownerType>
            </EntityAcl>
        </ExportManifestProperty>
    </ExportManifestEntity>
    <ExportManifestEntity path="UI/Template3/Template3.cdfde">
        <ExportManifestProperty>
            <EntityMetaData name="Template3.cdfde" createdDate="2017-06-06T23:15:23.402+08:00" isFolder="false" path="UI/Template3/Template3.cdfde" isHidden="false" locale="zh_CN" title="Template3"/>
        </ExportManifestProperty>
        <ExportManifestProperty>
            <EntityAcl>
                <entriesInheriting>true</entriesInheriting>
                <owner>admin</owner>
                <ownerType>USER</ownerType>
            </EntityAcl>
        </ExportManifestProperty>
    </ExportManifestEntity>
    <ExportManifestEntity path="UI/Template3/Template3.wcdf">
        <ExportManifestProperty>
            <EntityMetaData name="Template3.wcdf" createdDate="2017-06-06T23:15:22.494+08:00" isFolder="false" path="UI/Template3/Template3.wcdf" isHidden="false" locale="zh_CN" title="Template3"/>
        </ExportManifestProperty>
        <ExportManifestProperty>
            <EntityAcl>
                <entriesInheriting>true</entriesInheriting>
                <owner>admin</owner>
                <ownerType>USER</ownerType>
            </EntityAcl>
        </ExportManifestProperty>
    </ExportManifestEntity>
    <ExportManifestEntity path="UI/Template4">
        <ExportManifestProperty>
            <EntityMetaData name="Template4" createdDate="2017-06-06T23:15:23.481+08:00" isFolder="true" path="UI/Template4" isHidden="false" locale="zh_CN" title="Template4"/>
        </ExportManifestProperty>
        <ExportManifestProperty>
            <EntityAcl>
                <entriesInheriting>true</entriesInheriting>
                <owner>admin</owner>
                <ownerType>USER</ownerType>
            </EntityAcl>
        </ExportManifestProperty>
    </ExportManifestEntity>
    <ExportManifestEntity path="UI/Template4/Template4.cda">
        <ExportManifestProperty>
            <EntityMetaData name="Template4.cda" createdDate="2017-06-06T23:15:23.514+08:00" isFolder="false" path="UI/Template4/Template4.cda" isHidden="false" locale="zh_CN" title="Template4"/>
        </ExportManifestProperty>
        <ExportManifestProperty>
            <EntityAcl>
                <entriesInheriting>true</entriesInheriting>
                <owner>admin</owner>
                <ownerType>USER</ownerType>
            </EntityAcl>
        </ExportManifestProperty>
    </ExportManifestEntity>
    <ExportManifestEntity path="UI/Template4/Template4.cdfde">
        <ExportManifestProperty>
            <EntityMetaData name="Template4.cdfde" createdDate="2017-06-06T23:15:23.600+08:00" isFolder="false" path="UI/Template4/Template4.cdfde" isHidden="false" locale="zh_CN" title="Template4"/>
        </ExportManifestProperty>
        <ExportManifestProperty>
            <EntityAcl>
                <entriesInheriting>true</entriesInheriting>
                <owner>admin</owner>
                <ownerType>USER</ownerType>
            </EntityAcl>
        </ExportManifestProperty>
    </ExportManifestEntity>
    <ExportManifestEntity path="UI/Template4/Template4.wcdf">
        <ExportManifestProperty>
            <EntityMetaData name="Template4.wcdf" createdDate="2017-06-06T23:15:23.664+08:00" isFolder="false" path="UI/Template4/Template4.wcdf" isHidden="false" locale="zh_CN" title="Template4"/>
        </ExportManifestProperty>
        <ExportManifestProperty>
            <EntityAcl>
                <entriesInheriting>true</entriesInheriting>
                <owner>admin</owner>
                <ownerType>USER</ownerType>
            </EntityAcl>
        </ExportManifestProperty>
    </ExportManifestEntity>
    <ExportManifestEntity path="UI/Template5">
        <ExportManifestProperty>
            <EntityMetaData name="Template5" createdDate="2017-06-06T23:15:24.484+08:00" isFolder="true" path="UI/Template5" isHidden="false" locale="zh_CN" title="Template5"/>
        </ExportManifestProperty>
        <ExportManifestProperty>
            <EntityAcl>
                <entriesInheriting>true</entriesInheriting>
                <owner>admin</owner>
                <ownerType>USER</ownerType>
            </EntityAcl>
        </ExportManifestProperty>
    </ExportManifestEntity>
    <ExportManifestEntity path="UI/Template5/Template5.cda">
        <ExportManifestProperty>
            <EntityMetaData name="Template5.cda" createdDate="2017-06-06T23:15:24.530+08:00" isFolder="false" path="UI/Template5/Template5.cda" isHidden="false" locale="zh_CN" title="Template5"/>
        </ExportManifestProperty>
        <ExportManifestProperty>
            <EntityAcl>
                <entriesInheriting>true</entriesInheriting>
                <owner>admin</owner>
                <ownerType>USER</ownerType>
            </EntityAcl>
        </ExportManifestProperty>
    </ExportManifestEntity>
    <ExportManifestEntity path="UI/Template5/Template5.cdfde">
        <ExportManifestProperty>
            <EntityMetaData name="Template5.cdfde" createdDate="2017-06-06T23:15:24.655+08:00" isFolder="false" path="UI/Template5/Template5.cdfde" isHidden="false" locale="zh_CN" title="Template5"/>
        </ExportManifestProperty>
        <ExportManifestProperty>
            <EntityAcl>
                <entriesInheriting>true</entriesInheriting>
                <owner>admin</owner>
                <ownerType>USER</ownerType>
            </EntityAcl>
        </ExportManifestProperty>
    </ExportManifestEntity>
    <ExportManifestEntity path="UI/Template5/Template5.wcdf">
        <ExportManifestProperty>
            <EntityMetaData name="Template5.wcdf" createdDate="2017-06-06T23:15:24.760+08:00" isFolder="false" path="UI/Template5/Template5.wcdf" isHidden="false" locale="zh_CN" title="Template5"/>
        </ExportManifestProperty>
        <ExportManifestProperty>
            <EntityAcl>
                <entriesInheriting>true</entriesInheriting>
                <owner>admin</owner>
                <ownerType>USER</ownerType>
            </EntityAcl>
        </ExportManifestProperty>
    </ExportManifestEntity>
    <ExportManifestEntity path="UI/Template6">
        <ExportManifestProperty>
            <EntityMetaData name="Template6" createdDate="2017-06-06T23:15:24.817+08:00" isFolder="true" path="UI/Template6" isHidden="false" locale="zh_CN" title="Template6"/>
        </ExportManifestProperty>
        <ExportManifestProperty>
            <EntityAcl>
                <entriesInheriting>true</entriesInheriting>
                <owner>admin</owner>
                <ownerType>USER</ownerType>
            </EntityAcl>
        </ExportManifestProperty>
    </ExportManifestEntity>
    <ExportManifestEntity path="UI/Template6/Template6.cda">
        <ExportManifestProperty>
            <EntityMetaData name="Template6.cda" createdDate="2017-06-06T23:15:24.853+08:00" isFolder="false" path="UI/Template6/Template6.cda" isHidden="false" locale="zh_CN" title="Template6"/>
        </ExportManifestProperty>
        <ExportManifestProperty>
            <EntityAcl>
                <entriesInheriting>true</entriesInheriting>
                <owner>admin</owner>
                <ownerType>USER</ownerType>
            </EntityAcl>
        </ExportManifestProperty>
    </ExportManifestEntity>
    <ExportManifestEntity path="UI/Template6/Template6.cdfde">
        <ExportManifestProperty>
            <EntityMetaData name="Template6.cdfde" createdDate="2017-06-06T23:15:24.951+08:00" isFolder="false" path="UI/Template6/Template6.cdfde" isHidden="false" locale="zh_CN" title="Template6"/>
        </ExportManifestProperty>
        <ExportManifestProperty>
            <EntityAcl>
                <entriesInheriting>true</entriesInheriting>
                <owner>admin</owner>
                <ownerType>USER</ownerType>
            </EntityAcl>
        </ExportManifestProperty>
    </ExportManifestEntity>
    <ExportManifestEntity path="UI/Template6/Template6.wcdf">
        <ExportManifestProperty>
            <EntityMetaData name="Template6.wcdf" createdDate="2017-06-06T23:15:25.031+08:00" isFolder="false" path="UI/Template6/Template6.wcdf" isHidden="false" locale="zh_CN" title="Template6"/>
        </ExportManifestProperty>
        <ExportManifestProperty>
            <EntityAcl>
                <entriesInheriting>true</entriesInheriting>
                <owner>admin</owner>
                <ownerType>USER</ownerType>
            </EntityAcl>
        </ExportManifestProperty>
    </ExportManifestEntity>
    <ExportManifestEntity path="UI/css">
        <ExportManifestProperty>
            <EntityMetaData name="css" createdDate="2017-06-06T23:15:26.476+08:00" isFolder="true" path="UI/css" isHidden="false" locale="zh_CN" title="css"/>
        </ExportManifestProperty>
        <ExportManifestProperty>
            <EntityAcl>
                <entriesInheriting>true</entriesInheriting>
                <owner>admin</owner>
                <ownerType>USER</ownerType>
            </EntityAcl>
        </ExportManifestProperty>
    </ExportManifestEntity>
    <ExportManifestEntity path="UI/css/Protovis">
        <ExportManifestProperty>
            <EntityMetaData name="Protovis" createdDate="2017-06-16T09:56:04.804+08:00" isFolder="true" path="UI/css/Protovis" isHidden="false" locale="zh_CN" title="Protovis"/>
        </ExportManifestProperty>
        <ExportManifestProperty>
            <EntityAcl>
                <entriesInheriting>true</entriesInheriting>
                <owner>admin</owner>
                <ownerType>USER</ownerType>
            </EntityAcl>
        </ExportManifestProperty>
    </ExportManifestEntity>
    <ExportManifestEntity path="UI/css/Protovis/clippedText.css">
        <ExportManifestProperty>
            <EntityMetaData name="clippedText.css" createdDate="2017-06-16T09:56:50.582+08:00" isFolder="false" path="UI/css/Protovis/clippedText.css" isHidden="true" locale="zh_CN" title="clippedText"/>
        </ExportManifestProperty>
        <ExportManifestProperty>
            <EntityAcl>
                <entriesInheriting>true</entriesInheriting>
                <owner>admin</owner>
                <ownerType>USER</ownerType>
            </EntityAcl>
        </ExportManifestProperty>
    </ExportManifestEntity>
    <ExportManifestEntity path="UI/css/Protovis/radialProgress.css">
        <ExportManifestProperty>
            <EntityMetaData name="radialProgress.css" createdDate="2017-06-16T09:56:50.702+08:00" isFolder="false" path="UI/css/Protovis/radialProgress.css" isHidden="true" locale="zh_CN" title="radialProgress"/>
        </ExportManifestProperty>
        <ExportManifestProperty>
            <EntityAcl>
                <entriesInheriting>true</entriesInheriting>
                <owner>admin</owner>
                <ownerType>USER</ownerType>
            </EntityAcl>
        </ExportManifestProperty>
    </ExportManifestEntity>
    <ExportManifestEntity path="UI/css/Protovis/steelWheelsSample.css">
        <ExportManifestProperty>
            <EntityMetaData name="steelWheelsSample.css" createdDate="2017-06-16T09:56:50.805+08:00" isFolder="false" path="UI/css/Protovis/steelWheelsSample.css" isHidden="true" locale="zh_CN" title="steelWheelsSample"/>
        </ExportManifestProperty>
        <ExportManifestProperty>
            <EntityAcl>
                <entriesInheriting>true</entriesInheriting>
                <owner>admin</owner>
                <ownerType>USER</ownerType>
            </EntityAcl>
        </ExportManifestProperty>
    </ExportManifestEntity>
    <ExportManifestEntity path="UI/css/Protovis/trendArrow.css">
        <ExportManifestProperty>
            <EntityMetaData name="trendArrow.css" createdDate="2017-06-16T09:56:50.928+08:00" isFolder="false" path="UI/css/Protovis/trendArrow.css" isHidden="true" locale="zh_CN" title="trendArrow"/>
        </ExportManifestProperty>
        <ExportManifestProperty>
            <EntityAcl>
                <entriesInheriting>true</entriesInheriting>
                <owner>admin</owner>
                <ownerType>USER</ownerType>
            </EntityAcl>
        </ExportManifestProperty>
    </ExportManifestEntity>
    <ExportManifestEntity path="UI/css/StoreOperation">
        <ExportManifestProperty>
            <EntityMetaData name="StoreOperation" createdDate="2017-06-16T09:55:03.608+08:00" isFolder="true" path="UI/css/StoreOperation" isHidden="false" locale="zh_CN" title="StoreOperation"/>
        </ExportManifestProperty>
        <ExportManifestProperty>
            <EntityAcl>
                <entriesInheriting>true</entriesInheriting>
                <owner>admin</owner>
                <ownerType>USER</ownerType>
            </EntityAcl>
        </ExportManifestProperty>
    </ExportManifestEntity>
    <ExportManifestEntity path="UI/css/StoreOperation/StoreOperation.css">
        <ExportManifestProperty>
            <EntityMetaData name="StoreOperation.css" createdDate="2017-06-16T09:58:06.392+08:00" isFolder="false" path="UI/css/StoreOperation/StoreOperation.css" isHidden="true" locale="zh_CN" title="StoreOperation"/>
        </ExportManifestProperty>
        <ExportManifestProperty>
            <EntityAcl>
                <entriesInheriting>true</entriesInheriting>
                <owner>admin</owner>
                <ownerType>USER</ownerType>
            </EntityAcl>
        </ExportManifestProperty>
    </ExportManifestEntity>
    <ExportManifestEntity path="UI/css/StoreOperation/StoreOperation.min.css">
        <ExportManifestProperty>
            <EntityMetaData name="StoreOperation.min.css" createdDate="2017-06-16T09:59:46.657+08:00" isFolder="false" path="UI/css/StoreOperation/StoreOperation.min.css" isHidden="true" locale="zh_CN" title="StoreOperation.min"/>
        </ExportManifestProperty>
        <ExportManifestProperty>
            <EntityAcl>
                <entriesInheriting>true</entriesInheriting>
                <owner>admin</owner>
                <ownerType>USER</ownerType>
            </EntityAcl>
        </ExportManifestProperty>
    </ExportManifestEntity>
    <ExportManifestEntity path="UI/css/clippedText.css">
        <ExportManifestProperty>
            <EntityMetaData name="clippedText.css" createdDate="2017-06-06T23:15:26.517+08:00" isFolder="false" path="UI/css/clippedText.css" isHidden="true" locale="zh_CN" title="clippedText"/>
        </ExportManifestProperty>
        <ExportManifestProperty>
            <EntityAcl>
                <entriesInheriting>true</entriesInheriting>
                <owner>admin</owner>
                <ownerType>USER</ownerType>
            </EntityAcl>
        </ExportManifestProperty>
    </ExportManifestEntity>
    <ExportManifestEntity path="UI/css/jQuery">
        <ExportManifestProperty>
            <EntityMetaData name="jQuery" createdDate="2017-06-07T10:11:51.329+08:00" isFolder="true" path="UI/css/jQuery" isHidden="false" locale="zh_CN" title="jQuery"/>
        </ExportManifestProperty>
        <ExportManifestProperty>
            <EntityAcl>
                <entriesInheriting>true</entriesInheriting>
                <owner>admin</owner>
                <ownerType>USER</ownerType>
            </EntityAcl>
        </ExportManifestProperty>
    </ExportManifestEntity>
    <ExportManifestEntity path="UI/css/jQuery/jquery.mCustomScrollbar.css">
        <ExportManifestProperty>
            <EntityMetaData name="jquery.mCustomScrollbar.css" createdDate="2017-06-07T11:30:05.724+08:00" isFolder="false" path="UI/css/jQuery/jquery.mCustomScrollbar.css" isHidden="true" locale="zh_CN" title="jquery.mCustomScrollbar"/>
        </ExportManifestProperty>
        <ExportManifestProperty>
            <EntityAcl>
                <entriesInheriting>true</entriesInheriting>
                <owner>admin</owner>
                <ownerType>USER</ownerType>
            </EntityAcl>
        </ExportManifestProperty>
    </ExportManifestEntity>
    <ExportManifestEntity path="UI/css/jQuery/jquery.mCustomScrollbar.min.css">
        <ExportManifestProperty>
            <EntityMetaData name="jquery.mCustomScrollbar.min.css" createdDate="2017-06-07T10:12:30.222+08:00" isFolder="false" path="UI/css/jQuery/jquery.mCustomScrollbar.min.css" isHidden="true" locale="zh_CN" title="jquery.mCustomScrollbar.min"/>
        </ExportManifestProperty>
        <ExportManifestProperty>
            <EntityAcl>
                <entriesInheriting>true</entriesInheriting>
                <owner>admin</owner>
                <ownerType>USER</ownerType>
            </EntityAcl>
        </ExportManifestProperty>
    </ExportManifestEntity>
    <ExportManifestEntity path="UI/css/jQuery/style.css">
        <ExportManifestProperty>
            <EntityMetaData name="style.css" createdDate="2017-06-07T10:24:39.230+08:00" isFolder="false" path="UI/css/jQuery/style.css" isHidden="true" locale="zh_CN" title="style"/>
        </ExportManifestProperty>
        <ExportManifestProperty>
            <EntityAcl>
                <entriesInheriting>true</entriesInheriting>
                <owner>admin</owner>
                <ownerType>USER</ownerType>
            </EntityAcl>
        </ExportManifestProperty>
    </ExportManifestEntity>
    <ExportManifestEntity path="UI/css/radialProgress.css">
        <ExportManifestProperty>
            <EntityMetaData name="radialProgress.css" createdDate="2017-06-06T23:15:26.574+08:00" isFolder="false" path="UI/css/radialProgress.css" isHidden="true" locale="zh_CN" title="radialProgress"/>
        </ExportManifestProperty>
        <ExportManifestProperty>
            <EntityAcl>
                <entriesInheriting>true</entriesInheriting>
                <owner>admin</owner>
                <ownerType>USER</ownerType>
            </EntityAcl>
        </ExportManifestProperty>
    </ExportManifestEntity>
    <ExportManifestEntity path="UI/css/steelWheelsSample.css">
        <ExportManifestProperty>
            <EntityMetaData name="steelWheelsSample.css" createdDate="2017-06-06T23:15:26.967+08:00" isFolder="false" path="UI/css/steelWheelsSample.css" isHidden="true" locale="zh_CN" title="steelWheelsSample"/>
        </ExportManifestProperty>
        <ExportManifestProperty>
            <EntityAcl>
                <entriesInheriting>true</entriesInheriting>
                <owner>admin</owner>
                <ownerType>USER</ownerType>
            </EntityAcl>
        </ExportManifestProperty>
    </ExportManifestEntity>
    <ExportManifestEntity path="UI/css/trendArrow.css">
        <ExportManifestProperty>
            <EntityMetaData name="trendArrow.css" createdDate="2017-06-06T23:15:27.110+08:00" isFolder="false" path="UI/css/trendArrow.css" isHidden="true" locale="zh_CN" title="trendArrow"/>
        </ExportManifestProperty>
        <ExportManifestProperty>
            <EntityAcl>
                <entriesInheriting>true</entriesInheriting>
                <owner>admin</owner>
                <ownerType>USER</ownerType>
            </EntityAcl>
        </ExportManifestProperty>
    </ExportManifestEntity>
    <ExportManifestEntity path="UI/imgs">
        <ExportManifestProperty>
            <EntityMetaData name="imgs" createdDate="2017-06-06T23:15:27.201+08:00" isFolder="true" path="UI/imgs" isHidden="false" locale="zh_CN" title="imgs"/>
        </ExportManifestProperty>
        <ExportManifestProperty>
            <EntityAcl>
                <entriesInheriting>true</entriesInheriting>
                <owner>admin</owner>
                <ownerType>USER</ownerType>
            </EntityAcl>
        </ExportManifestProperty>
    </ExportManifestEntity>
    <ExportManifestEntity path="UI/imgs/check.png">
        <ExportManifestProperty>
            <EntityMetaData name="check.png" createdDate="2017-06-06T23:15:27.234+08:00" isFolder="false" path="UI/imgs/check.png" isHidden="true" locale="zh_CN" title="check"/>
        </ExportManifestProperty>
        <ExportManifestProperty>
            <EntityAcl>
                <entriesInheriting>true</entriesInheriting>
                <owner>admin</owner>
                <ownerType>USER</ownerType>
            </EntityAcl>
        </ExportManifestProperty>
    </ExportManifestEntity>
    <ExportManifestEntity path="UI/imgs/footer-bg.png">
        <ExportManifestProperty>
            <EntityMetaData name="footer-bg.png" createdDate="2017-06-06T23:15:27.549+08:00" isFolder="false" path="UI/imgs/footer-bg.png" isHidden="true" locale="zh_CN" title="footer-bg"/>
        </ExportManifestProperty>
        <ExportManifestProperty>
            <EntityAcl>
                <entriesInheriting>true</entriesInheriting>
                <owner>admin</owner>
                <ownerType>USER</ownerType>
            </EntityAcl>
        </ExportManifestProperty>
    </ExportManifestEntity>
    <ExportManifestEntity path="UI/imgs/header-bg.png">
        <ExportManifestProperty>
            <EntityMetaData name="header-bg.png" createdDate="2017-06-06T23:15:27.666+08:00" isFolder="false" path="UI/imgs/header-bg.png" isHidden="true" locale="zh_CN" title="header-bg"/>
        </ExportManifestProperty>
        <ExportManifestProperty>
            <EntityAcl>
                <entriesInheriting>true</entriesInheriting>
                <owner>admin</owner>
                <ownerType>USER</ownerType>
            </EntityAcl>
        </ExportManifestProperty>
    </ExportManifestEntity>
    <ExportManifestEntity path="UI/imgs/mCSB_buttons.png">
        <ExportManifestProperty>
            <EntityMetaData name="mCSB_buttons.png" createdDate="2017-06-07T10:24:54.793+08:00" isFolder="false" path="UI/imgs/mCSB_buttons.png" isHidden="true" locale="zh_CN" title="mCSB_buttons"/>
        </ExportManifestProperty>
        <ExportManifestProperty>
            <EntityAcl>
                <entriesInheriting>true</entriesInheriting>
                <owner>admin</owner>
                <ownerType>USER</ownerType>
            </EntityAcl>
        </ExportManifestProperty>
    </ExportManifestEntity>
    <ExportManifestEntity path="UI/imgs/selector-arrow.svg">
        <ExportManifestProperty>
            <EntityMetaData name="selector-arrow.svg" createdDate="2017-06-06T23:15:27.827+08:00" isFolder="false" path="UI/imgs/selector-arrow.svg" isHidden="true" locale="zh_CN" title="selector-arrow"/>
        </ExportManifestProperty>
        <ExportManifestProperty>
            <EntityAcl>
                <entriesInheriting>true</entriesInheriting>
                <owner>admin</owner>
                <ownerType>USER</ownerType>
            </EntityAcl>
        </ExportManifestProperty>
    </ExportManifestEntity>
    <ExportManifestEntity path="UI/js">
        <ExportManifestProperty>
            <EntityMetaData name="js" createdDate="2017-06-06T23:15:27.928+08:00" isFolder="true" path="UI/js" isHidden="false" locale="zh_CN" title="js"/>
        </ExportManifestProperty>
        <ExportManifestProperty>
            <EntityAcl>
                <entriesInheriting>true</entriesInheriting>
                <owner>admin</owner>
                <ownerType>USER</ownerType>
            </EntityAcl>
        </ExportManifestProperty>
    </ExportManifestEntity>
    <ExportManifestEntity path="UI/js/D3.4.9.1">
        <ExportManifestProperty>
            <EntityMetaData name="D3.4.9.1" createdDate="2017-06-06T23:15:27.950+08:00" isFolder="true" path="UI/js/D3.4.9.1" isHidden="false" locale="zh_CN" title="D3.4.9.1"/>
        </ExportManifestProperty>
        <ExportManifestProperty>
            <EntityAcl>
                <entriesInheriting>true</entriesInheriting>
                <owner>admin</owner>
                <ownerType>USER</ownerType>
            </EntityAcl>
        </ExportManifestProperty>
    </ExportManifestEntity>
    <ExportManifestEntity path="UI/js/D3.4.9.1/d3.js">
        <ExportManifestProperty>
            <EntityMetaData name="d3.js" createdDate="2017-06-06T23:15:27.977+08:00" isFolder="false" path="UI/js/D3.4.9.1/d3.js" isHidden="true" locale="zh_CN" title="d3"/>
        </ExportManifestProperty>
        <ExportManifestProperty>
            <EntityAcl>
                <entriesInheriting>true</entriesInheriting>
                <owner>admin</owner>
                <ownerType>USER</ownerType>
            </EntityAcl>
        </ExportManifestProperty>
    </ExportManifestEntity>
    <ExportManifestEntity path="UI/js/D3.4.9.1/d3.min.js">
        <ExportManifestProperty>
            <EntityMetaData name="d3.min.js" createdDate="2017-06-06T23:15:28.427+08:00" isFolder="false" path="UI/js/D3.4.9.1/d3.min.js" isHidden="true" locale="zh_CN" title="d3.min"/>
        </ExportManifestProperty>
        <ExportManifestProperty>
            <EntityAcl>
                <entriesInheriting>true</entriesInheriting>
                <owner>admin</owner>
                <ownerType>USER</ownerType>
            </EntityAcl>
        </ExportManifestProperty>
    </ExportManifestEntity>
    <ExportManifestEntity path="UI/js/Echarts3.6.0">
        <ExportManifestProperty>
            <EntityMetaData name="Echarts3.6.0" createdDate="2017-06-06T23:15:28.595+08:00" isFolder="true" path="UI/js/Echarts3.6.0" isHidden="false" locale="zh_CN" title="Echarts3.6.0"/>
        </ExportManifestProperty>
        <ExportManifestProperty>
            <EntityAcl>
                <entriesInheriting>true</entriesInheriting>
                <owner>admin</owner>
                <ownerType>USER</ownerType>
            </EntityAcl>
        </ExportManifestProperty>
    </ExportManifestEntity>
    <ExportManifestEntity path="UI/js/Echarts3.6.0/bmap.js">
        <ExportManifestProperty>
            <EntityMetaData name="bmap.js" createdDate="2017-06-07T14:56:28.830+08:00" isFolder="false" path="UI/js/Echarts3.6.0/bmap.js" isHidden="true" locale="zh_CN" title="bmap"/>
        </ExportManifestProperty>
        <ExportManifestProperty>
            <EntityAcl>
                <entriesInheriting>true</entriesInheriting>
                <owner>admin</owner>
                <ownerType>USER</ownerType>
            </EntityAcl>
        </ExportManifestProperty>
    </ExportManifestEntity>
    <ExportManifestEntity path="UI/js/Echarts3.6.0/bmap.min.js">
        <ExportManifestProperty>
            <EntityMetaData name="bmap.min.js" createdDate="2017-06-07T14:57:15.810+08:00" isFolder="false" path="UI/js/Echarts3.6.0/bmap.min.js" isHidden="true" locale="zh_CN" title="bmap.min"/>
        </ExportManifestProperty>
        <ExportManifestProperty>
            <EntityAcl>
                <entriesInheriting>true</entriesInheriting>
                <owner>admin</owner>
                <ownerType>USER</ownerType>
            </EntityAcl>
        </ExportManifestProperty>
    </ExportManifestEntity>
    <ExportManifestEntity path="UI/js/Echarts3.6.0/echarts.js">
        <ExportManifestProperty>
            <EntityMetaData name="echarts.js" createdDate="2017-06-06T23:15:28.647+08:00" isFolder="false" path="UI/js/Echarts3.6.0/echarts.js" isHidden="true" locale="zh_CN" title="echarts"/>
        </ExportManifestProperty>
        <ExportManifestProperty>
            <EntityAcl>
                <entriesInheriting>true</entriesInheriting>
                <owner>admin</owner>
                <ownerType>USER</ownerType>
            </EntityAcl>
        </ExportManifestProperty>
    </ExportManifestEntity>
    <ExportManifestEntity path="UI/js/Echarts3.6.0/echarts.min.js">
        <ExportManifestProperty>
            <EntityMetaData name="echarts.min.js" createdDate="2017-06-06T23:15:28.782+08:00" isFolder="false" path="UI/js/Echarts3.6.0/echarts.min.js" isHidden="true" locale="zh_CN" title="echarts.min"/>
        </ExportManifestProperty>
        <ExportManifestProperty>
            <EntityAcl>
                <entriesInheriting>true</entriesInheriting>
                <owner>admin</owner>
                <ownerType>USER</ownerType>
            </EntityAcl>
        </ExportManifestProperty>
    </ExportManifestEntity>
    <ExportManifestEntity path="UI/js/Echarts3.6.0/geoCoordMap.js">
        <ExportManifestProperty>
            <EntityMetaData name="geoCoordMap.js" createdDate="2017-06-07T17:45:21.508+08:00" isFolder="false" path="UI/js/Echarts3.6.0/geoCoordMap.js" isHidden="true" locale="zh_CN" title="geoCoordMap"/>
        </ExportManifestProperty>
        <ExportManifestProperty>
            <EntityAcl>
                <entriesInheriting>true</entriesInheriting>
                <owner>admin</owner>
                <ownerType>USER</ownerType>
            </EntityAcl>
        </ExportManifestProperty>
    </ExportManifestEntity>
    <ExportManifestEntity path="UI/js/Protovis">
        <ExportManifestProperty>
            <EntityMetaData name="Protovis" createdDate="2017-06-06T23:15:29.007+08:00" isFolder="true" path="UI/js/Protovis" isHidden="false" locale="zh_CN" title="Protovis"/>
        </ExportManifestProperty>
        <ExportManifestProperty>
            <EntityAcl>
                <entriesInheriting>true</entriesInheriting>
                <owner>admin</owner>
                <ownerType>USER</ownerType>
            </EntityAcl>
        </ExportManifestProperty>
    </ExportManifestEntity>
    <ExportManifestEntity path="UI/js/Protovis/bubble.js">
        <ExportManifestProperty>
            <EntityMetaData name="bubble.js" createdDate="2017-06-06T23:15:29.051+08:00" isFolder="false" path="UI/js/Protovis/bubble.js" isHidden="true" locale="zh_CN" title="bubble"/>
        </ExportManifestProperty>
        <ExportManifestProperty>
            <EntityAcl>
                <entriesInheriting>true</entriesInheriting>
                <owner>admin</owner>
                <ownerType>USER</ownerType>
            </EntityAcl>
        </ExportManifestProperty>
    </ExportManifestEntity>
    <ExportManifestEntity path="UI/js/Protovis/bulletChart.js">
        <ExportManifestProperty>
            <EntityMetaData name="bulletChart.js" createdDate="2017-06-06T23:15:29.228+08:00" isFolder="false" path="UI/js/Protovis/bulletChart.js" isHidden="true" locale="zh_CN" title="bulletChart"/>
        </ExportManifestProperty>
        <ExportManifestProperty>
            <EntityAcl>
                <entriesInheriting>true</entriesInheriting>
                <owner>admin</owner>
                <ownerType>USER</ownerType>
            </EntityAcl>
        </ExportManifestProperty>
    </ExportManifestEntity>
    <ExportManifestEntity path="UI/js/Protovis/cccChart.js">
        <ExportManifestProperty>
            <EntityMetaData name="cccChart.js" createdDate="2017-06-06T23:15:29.363+08:00" isFolder="false" path="UI/js/Protovis/cccChart.js" isHidden="true" locale="zh_CN" title="cccChart"/>
        </ExportManifestProperty>
        <ExportManifestProperty>
            <EntityAcl>
                <entriesInheriting>true</entriesInheriting>
                <owner>admin</owner>
                <ownerType>USER</ownerType>
            </EntityAcl>
        </ExportManifestProperty>
    </ExportManifestEntity>
    <ExportManifestEntity path="UI/js/Protovis/clippedText.js">
        <ExportManifestProperty>
            <EntityMetaData name="clippedText.js" createdDate="2017-06-06T23:15:29.755+08:00" isFolder="false" path="UI/js/Protovis/clippedText.js" isHidden="true" locale="zh_CN" title="clippedText"/>
        </ExportManifestProperty>
        <ExportManifestProperty>
            <EntityAcl>
                <entriesInheriting>true</entriesInheriting>
                <owner>admin</owner>
                <ownerType>USER</ownerType>
            </EntityAcl>
        </ExportManifestProperty>
    </ExportManifestEntity>
    <ExportManifestEntity path="UI/js/Protovis/formatted.js">
        <ExportManifestProperty>
            <EntityMetaData name="formatted.js" createdDate="2017-06-06T23:15:29.828+08:00" isFolder="false" path="UI/js/Protovis/formatted.js" isHidden="true" locale="zh_CN" title="formatted"/>
        </ExportManifestProperty>
        <ExportManifestProperty>
            <EntityAcl>
                <entriesInheriting>true</entriesInheriting>
                <owner>admin</owner>
                <ownerType>USER</ownerType>
            </EntityAcl>
        </ExportManifestProperty>
    </ExportManifestEntity>
    <ExportManifestEntity path="UI/js/Protovis/hyperlink.js">
        <ExportManifestProperty>
            <EntityMetaData name="hyperlink.js" createdDate="2017-06-06T23:15:29.912+08:00" isFolder="false" path="UI/js/Protovis/hyperlink.js" isHidden="true" locale="zh_CN" title="hyperlink"/>
        </ExportManifestProperty>
        <ExportManifestProperty>
            <EntityAcl>
                <entriesInheriting>true</entriesInheriting>
                <owner>admin</owner>
                <ownerType>USER</ownerType>
            </EntityAcl>
        </ExportManifestProperty>
    </ExportManifestEntity>
    <ExportManifestEntity path="UI/js/Protovis/localizedText.js">
        <ExportManifestProperty>
            <EntityMetaData name="localizedText.js" createdDate="2017-06-06T23:15:30.131+08:00" isFolder="false" path="UI/js/Protovis/localizedText.js" isHidden="true" locale="zh_CN" title="localizedText"/>
        </ExportManifestProperty>
        <ExportManifestProperty>
            <EntityAcl>
                <entriesInheriting>true</entriesInheriting>
                <owner>admin</owner>
                <ownerType>USER</ownerType>
            </EntityAcl>
        </ExportManifestProperty>
    </ExportManifestEntity>
    <ExportManifestEntity path="UI/js/Protovis/sparkline.js">
        <ExportManifestProperty>
            <EntityMetaData name="sparkline.js" createdDate="2017-06-06T23:15:30.196+08:00" isFolder="false" path="UI/js/Protovis/sparkline.js" isHidden="true" locale="zh_CN" title="sparkline"/>
        </ExportManifestProperty>
        <ExportManifestProperty>
            <EntityAcl>
                <entriesInheriting>true</entriesInheriting>
                <owner>admin</owner>
                <ownerType>USER</ownerType>
            </EntityAcl>
        </ExportManifestProperty>
    </ExportManifestEntity>
    <ExportManifestEntity path="UI/js/Protovis/steelWheelsSample.js">
        <ExportManifestProperty>
            <EntityMetaData name="steelWheelsSample.js" createdDate="2017-06-06T23:15:30.271+08:00" isFolder="false" path="UI/js/Protovis/steelWheelsSample.js" isHidden="true" locale="zh_CN" title="steelWheelsSample"/>
        </ExportManifestProperty>
        <ExportManifestProperty>
            <EntityAcl>
                <entriesInheriting>true</entriesInheriting>
                <owner>admin</owner>
                <ownerType>USER</ownerType>
            </EntityAcl>
        </ExportManifestProperty>
    </ExportManifestEntity>
    <ExportManifestEntity path="UI/js/Protovis/trendArrow.js">
        <ExportManifestProperty>
            <EntityMetaData name="trendArrow.js" createdDate="2017-06-06T23:15:30.364+08:00" isFolder="false" path="UI/js/Protovis/trendArrow.js" isHidden="true" locale="zh_CN" title="trendArrow"/>
        </ExportManifestProperty>
        <ExportManifestProperty>
            <EntityAcl>
                <entriesInheriting>true</entriesInheriting>
                <owner>admin</owner>
                <ownerType>USER</ownerType>
            </EntityAcl>
        </ExportManifestProperty>
    </ExportManifestEntity>
    <ExportManifestEntity path="UI/js/cccChart.js">
        <ExportManifestProperty>
            <EntityMetaData name="cccChart.js" createdDate="2017-06-06T23:15:30.428+08:00" isFolder="false" path="UI/js/cccChart.js" isHidden="true" locale="zh_CN" title="cccChart"/>
        </ExportManifestProperty>
        <ExportManifestProperty>
            <EntityAcl>
                <entriesInheriting>true</entriesInheriting>
                <owner>admin</owner>
                <ownerType>USER</ownerType>
            </EntityAcl>
        </ExportManifestProperty>
    </ExportManifestEntity>
    <ExportManifestEntity path="UI/js/clippedText.js">
        <ExportManifestProperty>
            <EntityMetaData name="clippedText.js" createdDate="2017-06-06T23:15:30.475+08:00" isFolder="false" path="UI/js/clippedText.js" isHidden="true" locale="zh_CN" title="clippedText"/>
        </ExportManifestProperty>
        <ExportManifestProperty>
            <EntityAcl>
                <entriesInheriting>true</entriesInheriting>
                <owner>admin</owner>
                <ownerType>USER</ownerType>
            </EntityAcl>
        </ExportManifestProperty>
    </ExportManifestEntity>
    <ExportManifestEntity path="UI/js/d3.min.js">
        <ExportManifestProperty>
            <EntityMetaData name="d3.min.js" createdDate="2017-06-06T23:15:30.524+08:00" isFolder="false" path="UI/js/d3.min.js" isHidden="true" locale="zh_CN" title="d3.min"/>
        </ExportManifestProperty>
        <ExportManifestProperty>
            <EntityAcl>
                <entriesInheriting>true</entriesInheriting>
                <owner>admin</owner>
                <ownerType>USER</ownerType>
            </EntityAcl>
        </ExportManifestProperty>
    </ExportManifestEntity>
    <ExportManifestEntity path="UI/js/echarts.min.js">
        <ExportManifestProperty>
            <EntityMetaData name="echarts.min.js" createdDate="2017-06-06T23:15:30.693+08:00" isFolder="false" path="UI/js/echarts.min.js" isHidden="true" locale="zh_CN" title="echarts.min"/>
        </ExportManifestProperty>
        <ExportManifestProperty>
            <EntityAcl>
                <entriesInheriting>true</entriesInheriting>
                <owner>admin</owner>
                <ownerType>USER</ownerType>
            </EntityAcl>
        </ExportManifestProperty>
    </ExportManifestEntity>
    <ExportManifestEntity path="UI/js/jQuery">
        <ExportManifestProperty>
            <EntityMetaData name="jQuery" createdDate="2017-06-06T23:15:30.795+08:00" isFolder="true" path="UI/js/jQuery" isHidden="false" locale="zh_CN" title="jQuery"/>
        </ExportManifestProperty>
        <ExportManifestProperty>
            <EntityAcl>
                <entriesInheriting>true</entriesInheriting>
                <owner>admin</owner>
                <ownerType>USER</ownerType>
            </EntityAcl>
        </ExportManifestProperty>
    </ExportManifestEntity>
    <ExportManifestEntity path="UI/js/jQuery/jquery-ui.js">
        <ExportManifestProperty>
            <EntityMetaData name="jquery-ui.js" createdDate="2017-06-06T23:15:31.123+08:00" isFolder="false" path="UI/js/jQuery/jquery-ui.js" isHidden="true" locale="zh_CN" title="jquery-ui"/>
        </ExportManifestProperty>
        <ExportManifestProperty>
            <EntityAcl>
                <entriesInheriting>true</entriesInheriting>
                <owner>admin</owner>
                <ownerType>USER</ownerType>
            </EntityAcl>
        </ExportManifestProperty>
    </ExportManifestEntity>
    <ExportManifestEntity path="UI/js/jQuery/jquery.js">
        <ExportManifestProperty>
            <EntityMetaData name="jquery.js" createdDate="2017-06-06T23:15:30.827+08:00" isFolder="false" path="UI/js/jQuery/jquery.js" isHidden="true" locale="zh_CN" title="jquery"/>
        </ExportManifestProperty>
        <ExportManifestProperty>
            <EntityAcl>
                <entriesInheriting>true</entriesInheriting>
                <owner>admin</owner>
                <ownerType>USER</ownerType>
            </EntityAcl>
        </ExportManifestProperty>
    </ExportManifestEntity>
    <ExportManifestEntity path="UI/js/jQuery/jquery.mCustomScrollbar.concat.min.js">
        <ExportManifestProperty>
            <EntityMetaData name="jquery.mCustomScrollbar.concat.min.js" createdDate="2017-06-07T10:14:15.294+08:00" isFolder="false" path="UI/js/jQuery/jquery.mCustomScrollbar.concat.min.js" isHidden="true" locale="zh_CN" title="jquery.mCustomScrollbar.concat.min"/>
        </ExportManifestProperty>
        <ExportManifestProperty>
            <EntityAcl>
                <entriesInheriting>true</entriesInheriting>
                <owner>admin</owner>
                <ownerType>USER</ownerType>
            </EntityAcl>
        </ExportManifestProperty>
    </ExportManifestEntity>
    <ExportManifestEntity path="UI/js/radialProgress.min.js">
        <ExportManifestProperty>
            <EntityMetaData name="radialProgress.min.js" createdDate="2017-06-06T23:15:31.268+08:00" isFolder="false" path="UI/js/radialProgress.min.js" isHidden="true" locale="zh_CN" title="radialProgress.min"/>
        </ExportManifestProperty>
        <ExportManifestProperty>
            <EntityAcl>
                <entriesInheriting>true</entriesInheriting>
                <owner>admin</owner>
                <ownerType>USER</ownerType>
            </EntityAcl>
        </ExportManifestProperty>
    </ExportManifestEntity>
</ns2:ExportManifest>
