<?xml version="1.0" encoding="UTF-8" standalone="yes"?>
<ns2:ExportManifest xmlns:ns2="http://www.pentaho.com/schema/">
    <ExportManifestInformation exportDate="21-06-2017 01:49:10 GMT+08:00" exportBy="admin" rootFolder="/public/dashboard/" manifestVersion="2"/>
    <ExportManifestEntity path="StoreOperation">
        <ExportManifestProperty>
            <EntityMetaData name="StoreOperation" createdDate="2017-06-18T16:02:58.064+08:00" isFolder="true" path="StoreOperation" isHidden="false" locale="zh_CN" title="StoreOperation"/>
        </ExportManifestProperty>
        <ExportManifestProperty>
            <EntityAcl>
                <entriesInheriting>true</entriesInheriting>
                <owner>admin</owner>
                <ownerType>USER</ownerType>
            </EntityAcl>
        </ExportManifestProperty>
    </ExportManifestEntity>
    <ExportManifestEntity path="StoreOperation/StoreOperation.cda">
        <ExportManifestProperty>
            <EntityMetaData name="StoreOperation.cda" createdDate="2017-06-18T16:02:58.289+08:00" isFolder="false" path="StoreOperation/StoreOperation.cda" isHidden="false" locale="zh_CN" title="StoreOperation"/>
        </ExportManifestProperty>
        <ExportManifestProperty>
            <EntityAcl>
                <entriesInheriting>true</entriesInheriting>
                <owner>admin</owner>
                <ownerType>USER</ownerType>
            </EntityAcl>
        </ExportManifestProperty>
    </ExportManifestEntity>
    <ExportManifestEntity path="StoreOperation/StoreOperation.cdfde">
        <ExportManifestProperty>
            <EntityMetaData name="StoreOperation.cdfde" createdDate="2017-06-18T16:02:58.398+08:00" isFolder="false" path="StoreOperation/StoreOperation.cdfde" isHidden="false" locale="zh_CN" title="StoreOperation"/>
        </ExportManifestProperty>
        <ExportManifestProperty>
            <EntityAcl>
                <entriesInheriting>true</entriesInheriting>
                <owner>admin</owner>
                <ownerType>USER</ownerType>
            </EntityAcl>
        </ExportManifestProperty>
    </ExportManifestEntity>
    <ExportManifestEntity path="StoreOperation/StoreOperation.min.css">
        <ExportManifestProperty>
            <EntityMetaData name="StoreOperation.min.css" createdDate="2017-06-18T16:02:58.711+08:00" isFolder="false" path="StoreOperation/StoreOperation.min.css" isHidden="true" locale="zh_CN" title="StoreOperation.min"/>
        </ExportManifestProperty>
        <ExportManifestProperty>
            <EntityAcl>
                <entriesInheriting>true</entriesInheriting>
                <owner>admin</owner>
                <ownerType>USER</ownerType>
            </EntityAcl>
        </ExportManifestProperty>
    </ExportManifestEntity>
    <ExportManifestEntity path="StoreOperation/StoreOperation.wcdf">
        <ExportManifestProperty>
            <EntityMetaData name="StoreOperation.wcdf" createdDate="2017-06-18T16:02:58.177+08:00" isFolder="false" path="StoreOperation/StoreOperation.wcdf" isHidden="false" locale="zh_CN" title="StoreOperation"/>
        </ExportManifestProperty>
        <ExportManifestProperty>
            <EntityAcl>
                <entriesInheriting>true</entriesInheriting>
                <owner>admin</owner>
                <ownerType>USER</ownerType>
            </EntityAcl>
        </ExportManifestProperty>
    </ExportManifestEntity>
    <ExportManifestEntity path="StoreOperation/echarts.min.js">
        <ExportManifestProperty>
            <EntityMetaData name="echarts.min.js" createdDate="2017-06-18T16:02:58.808+08:00" isFolder="false" path="StoreOperation/echarts.min.js" isHidden="true" locale="zh_CN" title="echarts.min"/>
        </ExportManifestProperty>
        <ExportManifestProperty>
            <EntityAcl>
                <entriesInheriting>true</entriesInheriting>
                <owner>admin</owner>
                <ownerType>USER</ownerType>
            </EntityAcl>
        </ExportManifestProperty>
    </ExportManifestEntity>
    <ExportManifestEntity path="StoreOperation/jquery.mCustomScrollbar.concat.min.js">
        <ExportManifestProperty>
            <EntityMetaData name="jquery.mCustomScrollbar.concat.min.js" createdDate="2017-06-18T16:08:34.111+08:00" isFolder="false" path="StoreOperation/jquery.mCustomScrollbar.concat.min.js" isHidden="true" locale="zh_CN" title="jquery.mCustomScrollbar.concat.min"/>
        </ExportManifestProperty>
        <ExportManifestProperty>
            <EntityAcl>
                <entriesInheriting>true</entriesInheriting>
                <owner>admin</owner>
                <ownerType>USER</ownerType>
            </EntityAcl>
        </ExportManifestProperty>
    </ExportManifestEntity>
    <ExportManifestEntity path="StoreOperation/jquery.mCustomScrollbar.min.css">
        <ExportManifestProperty>
            <EntityMetaData name="jquery.mCustomScrollbar.min.css" createdDate="2017-06-18T16:08:34.272+08:00" isFolder="false" path="StoreOperation/jquery.mCustomScrollbar.min.css" isHidden="true" locale="zh_CN" title="jquery.mCustomScrollbar.min"/>
        </ExportManifestProperty>
        <ExportManifestProperty>
            <EntityAcl>
                <entriesInheriting>true</entriesInheriting>
                <owner>admin</owner>
                <ownerType>USER</ownerType>
            </EntityAcl>
        </ExportManifestProperty>
    </ExportManifestEntity>
</ns2:ExportManifest>
