<?xml version="1.0" encoding="UTF-8" standalone="yes"?>
<ns2:ExportManifest xmlns:ns2="http://www.pentaho.com/schema/">
    <ExportManifestInformation exportDate="22-06-2017 06:22:20 GMT+08:00" exportBy="admin" rootFolder="/public/dashboard/" manifestVersion="2"/>
    <ExportManifestEntity path="LegendFlip">
        <ExportManifestProperty>
            <EntityMetaData name="LegendFlip" createdDate="2017-06-22T13:32:21.005+08:00" isFolder="true" path="LegendFlip" isHidden="false" locale="zh_CN" title="LegendFlip"/>
        </ExportManifestProperty>
        <ExportManifestProperty>
            <EntityAcl>
                <entriesInheriting>true</entriesInheriting>
                <owner>admin</owner>
                <ownerType>USER</ownerType>
            </EntityAcl>
        </ExportManifestProperty>
    </ExportManifestEntity>
    <ExportManifestEntity path="LegendFlip/LegendFlip.cda">
        <ExportManifestProperty>
            <EntityMetaData name="LegendFlip.cda" createdDate="2017-06-22T13:39:38.712+08:00" isFolder="false" path="LegendFlip/LegendFlip.cda" isHidden="false" locale="zh_CN" title="LegendFlip.cda"/>
        </ExportManifestProperty>
        <ExportManifestProperty>
            <EntityAcl>
                <entriesInheriting>true</entriesInheriting>
                <owner>admin</owner>
                <ownerType>USER</ownerType>
            </EntityAcl>
        </ExportManifestProperty>
    </ExportManifestEntity>
    <ExportManifestEntity path="LegendFlip/LegendFlip.cdfde">
        <ExportManifestProperty>
            <EntityMetaData name="LegendFlip.cdfde" createdDate="2017-06-22T13:33:37.734+08:00" isFolder="false" path="LegendFlip/LegendFlip.cdfde" isHidden="false" locale="zh_CN" title="LegendFlip.cdfde"/>
        </ExportManifestProperty>
        <ExportManifestProperty>
            <EntityAcl>
                <entriesInheriting>true</entriesInheriting>
                <owner>admin</owner>
                <ownerType>USER</ownerType>
            </EntityAcl>
        </ExportManifestProperty>
    </ExportManifestEntity>
    <ExportManifestEntity path="LegendFlip/LegendFlip.wcdf">
        <ExportManifestProperty>
            <EntityMetaData name="LegendFlip.wcdf" createdDate="2017-06-22T13:33:37.664+08:00" isFolder="false" path="LegendFlip/LegendFlip.wcdf" isHidden="false" locale="zh_CN" description="Echarts图形的图例翻页" title="LegendFlip"/>
        </ExportManifestProperty>
        <ExportManifestProperty>
            <EntityAcl>
                <entriesInheriting>true</entriesInheriting>
                <owner>admin</owner>
                <ownerType>USER</ownerType>
            </EntityAcl>
        </ExportManifestProperty>
    </ExportManifestEntity>
    <ExportManifestEntity path="LegendFlip/echarts_3_6_2.min.js">
        <ExportManifestProperty>
            <EntityMetaData name="echarts_3_6_2.min.js" createdDate="2017-06-22T18:15:12.300+08:00" isFolder="false" path="LegendFlip/echarts_3_6_2.min.js" isHidden="true" locale="zh_CN" title="echarts_3_6_2.min"/>
        </ExportManifestProperty>
        <ExportManifestProperty>
            <EntityAcl>
                <entriesInheriting>true</entriesInheriting>
                <owner>admin</owner>
                <ownerType>USER</ownerType>
            </EntityAcl>
        </ExportManifestProperty>
    </ExportManifestEntity>
</ns2:ExportManifest>
