<?xml version="1.0" encoding="UTF-8" standalone="yes"?>
<ns2:ExportManifest xmlns:ns2="http://www.pentaho.com/schema/">
    <ExportManifestInformation exportDate="18-06-2017 11:36:42 CST" exportBy="admin" rootFolder="/public/dashboard/" manifestVersion="2"/>
    <ExportManifestEntity path="OperationsDirector">
        <ExportManifestProperty>
            <EntityMetaData name="OperationsDirector" createdDate="2017-06-18T14:56:14.221+08:00" isFolder="true" path="OperationsDirector" isHidden="false" locale="zh_CN" title="OperationsDirector"/>
        </ExportManifestProperty>
        <ExportManifestProperty>
            <EntityAcl>
                <entriesInheriting>true</entriesInheriting>
                <owner>admin</owner>
                <ownerType>USER</ownerType>
            </EntityAcl>
        </ExportManifestProperty>
    </ExportManifestEntity>
    <ExportManifestEntity path="OperationsDirector/OperationsDirector.cda">
        <ExportManifestProperty>
            <EntityMetaData name="OperationsDirector.cda" createdDate="2017-06-18T14:56:14.557+08:00" isFolder="false" path="OperationsDirector/OperationsDirector.cda" isHidden="false" locale="zh_CN" title="OperationsDirector"/>
        </ExportManifestProperty>
        <ExportManifestProperty>
            <EntityAcl>
                <entriesInheriting>true</entriesInheriting>
                <owner>admin</owner>
                <ownerType>USER</ownerType>
            </EntityAcl>
        </ExportManifestProperty>
    </ExportManifestEntity>
    <ExportManifestEntity path="OperationsDirector/OperationsDirector.cdfde">
        <ExportManifestProperty>
            <EntityMetaData name="OperationsDirector.cdfde" createdDate="2017-06-18T14:56:14.832+08:00" isFolder="false" path="OperationsDirector/OperationsDirector.cdfde" isHidden="false" locale="zh_CN" title="OperationsDirector"/>
        </ExportManifestProperty>
        <ExportManifestProperty>
            <EntityAcl>
                <entriesInheriting>true</entriesInheriting>
                <owner>admin</owner>
                <ownerType>USER</ownerType>
            </EntityAcl>
        </ExportManifestProperty>
    </ExportManifestEntity>
    <ExportManifestEntity path="OperationsDirector/OperationsDirector.min.css">
        <ExportManifestProperty>
            <EntityMetaData name="OperationsDirector.min.css" createdDate="2017-06-18T14:56:15.153+08:00" isFolder="false" path="OperationsDirector/OperationsDirector.min.css" isHidden="true" locale="zh_CN" title="OperationsDirector.min"/>
        </ExportManifestProperty>
        <ExportManifestProperty>
            <EntityAcl>
                <entriesInheriting>true</entriesInheriting>
                <owner>admin</owner>
                <ownerType>USER</ownerType>
            </EntityAcl>
        </ExportManifestProperty>
    </ExportManifestEntity>
    <ExportManifestEntity path="OperationsDirector/OperationsDirector.wcdf">
        <ExportManifestProperty>
            <EntityMetaData name="OperationsDirector.wcdf" createdDate="2017-06-18T14:56:14.313+08:00" isFolder="false" path="OperationsDirector/OperationsDirector.wcdf" isHidden="false" locale="zh_CN" title="OperationsDirector"/>
        </ExportManifestProperty>
        <ExportManifestProperty>
            <EntityAcl>
                <entriesInheriting>true</entriesInheriting>
                <owner>admin</owner>
                <ownerType>USER</ownerType>
            </EntityAcl>
        </ExportManifestProperty>
    </ExportManifestEntity>
    <ExportManifestEntity path="OperationsDirector/echarts.min.js">
        <ExportManifestProperty>
            <EntityMetaData name="echarts.min.js" createdDate="2017-06-18T15:22:15.477+08:00" isFolder="false" path="OperationsDirector/echarts.min.js" isHidden="true" locale="zh_CN" title="echarts.min"/>
        </ExportManifestProperty>
        <ExportManifestProperty>
            <EntityAcl>
                <entriesInheriting>true</entriesInheriting>
                <owner>admin</owner>
                <ownerType>USER</ownerType>
            </EntityAcl>
        </ExportManifestProperty>
    </ExportManifestEntity>
</ns2:ExportManifest>
