<?xml version="1.0" encoding="UTF-8" standalone="yes"?>
<ns2:ExportManifest xmlns:ns2="http://www.pentaho.com/schema/">
    <ExportManifestInformation exportDate="23-06-2017 03:03:04 GMT+08:00" exportBy="admin" rootFolder="/public/dashboard/" manifestVersion="2"/>
    <ExportManifestEntity path="GeneralManager">
        <ExportManifestProperty>
            <EntityMetaData name="GeneralManager" createdDate="2017-06-18T16:02:16.363+08:00" isFolder="true" path="GeneralManager" isHidden="false" locale="zh_CN" title="GeneralManager"/>
        </ExportManifestProperty>
        <ExportManifestProperty>
            <EntityAcl>
                <entriesInheriting>true</entriesInheriting>
                <owner>admin</owner>
                <ownerType>USER</ownerType>
            </EntityAcl>
        </ExportManifestProperty>
    </ExportManifestEntity>
    <ExportManifestEntity path="GeneralManager/GeneralManager.cda">
        <ExportManifestProperty>
            <EntityMetaData name="GeneralManager.cda" createdDate="2017-06-18T16:02:16.655+08:00" isFolder="false" path="GeneralManager/GeneralManager.cda" isHidden="false" locale="zh_CN" title="GeneralManager"/>
        </ExportManifestProperty>
        <ExportManifestProperty>
            <EntityAcl>
                <entriesInheriting>true</entriesInheriting>
                <owner>admin</owner>
                <ownerType>USER</ownerType>
            </EntityAcl>
        </ExportManifestProperty>
    </ExportManifestEntity>
    <ExportManifestEntity path="GeneralManager/GeneralManager.cdfde">
        <ExportManifestProperty>
            <EntityMetaData name="GeneralManager.cdfde" createdDate="2017-06-18T16:02:16.787+08:00" isFolder="false" path="GeneralManager/GeneralManager.cdfde" isHidden="false" locale="zh_CN" title="GeneralManager"/>
        </ExportManifestProperty>
        <ExportManifestProperty>
            <EntityAcl>
                <entriesInheriting>true</entriesInheriting>
                <owner>admin</owner>
                <ownerType>USER</ownerType>
            </EntityAcl>
        </ExportManifestProperty>
    </ExportManifestEntity>
    <ExportManifestEntity path="GeneralManager/GeneralManager.min.css">
        <ExportManifestProperty>
            <EntityMetaData name="GeneralManager.min.css" createdDate="2017-06-18T16:02:16.899+08:00" isFolder="false" path="GeneralManager/GeneralManager.min.css" isHidden="true" locale="zh_CN" title="GeneralManager.min"/>
        </ExportManifestProperty>
        <ExportManifestProperty>
            <EntityAcl>
                <entriesInheriting>true</entriesInheriting>
                <owner>admin</owner>
                <ownerType>USER</ownerType>
            </EntityAcl>
        </ExportManifestProperty>
    </ExportManifestEntity>
    <ExportManifestEntity path="GeneralManager/GeneralManager.min.js">
        <ExportManifestProperty>
            <EntityMetaData name="GeneralManager.min.js" createdDate="2017-06-19T14:09:32.205+08:00" isFolder="false" path="GeneralManager/GeneralManager.min.js" isHidden="true" locale="zh_CN" title="GeneralManager.min"/>
        </ExportManifestProperty>
        <ExportManifestProperty>
            <EntityAcl>
                <entriesInheriting>true</entriesInheriting>
                <owner>admin</owner>
                <ownerType>USER</ownerType>
            </EntityAcl>
        </ExportManifestProperty>
    </ExportManifestEntity>
    <ExportManifestEntity path="GeneralManager/GeneralManager.wcdf">
        <ExportManifestProperty>
            <EntityMetaData name="GeneralManager.wcdf" createdDate="2017-06-18T16:02:16.464+08:00" isFolder="false" path="GeneralManager/GeneralManager.wcdf" isHidden="false" locale="zh_CN" title="GeneralManager"/>
        </ExportManifestProperty>
        <ExportManifestProperty>
            <EntityAcl>
                <entriesInheriting>true</entriesInheriting>
                <owner>admin</owner>
                <ownerType>USER</ownerType>
            </EntityAcl>
        </ExportManifestProperty>
    </ExportManifestEntity>
    <ExportManifestEntity path="GeneralManager/echarts_3_6_2.min.js">
        <ExportManifestProperty>
            <EntityMetaData name="echarts_3_6_2.min.js" createdDate="2017-06-23T14:50:48.452+08:00" isFolder="false" path="GeneralManager/echarts_3_6_2.min.js" isHidden="true" locale="zh_CN" title="echarts_3_6_2.min"/>
        </ExportManifestProperty>
        <ExportManifestProperty>
            <EntityAcl>
                <entriesInheriting>true</entriesInheriting>
                <owner>admin</owner>
                <ownerType>USER</ownerType>
            </EntityAcl>
        </ExportManifestProperty>
    </ExportManifestEntity>
    <ExportManifestEntity path="GeneralManager/jquery.mCustomScrollbar.concat.min.js">
        <ExportManifestProperty>
            <EntityMetaData name="jquery.mCustomScrollbar.concat.min.js" createdDate="2017-06-18T16:02:17.143+08:00" isFolder="false" path="GeneralManager/jquery.mCustomScrollbar.concat.min.js" isHidden="true" locale="zh_CN" title="jquery.mCustomScrollbar.concat.min"/>
        </ExportManifestProperty>
        <ExportManifestProperty>
            <EntityAcl>
                <entriesInheriting>true</entriesInheriting>
                <owner>admin</owner>
                <ownerType>USER</ownerType>
            </EntityAcl>
        </ExportManifestProperty>
    </ExportManifestEntity>
    <ExportManifestEntity path="GeneralManager/jquery.mCustomScrollbar.min.css">
        <ExportManifestProperty>
            <EntityMetaData name="jquery.mCustomScrollbar.min.css" createdDate="2017-06-18T16:02:17.269+08:00" isFolder="false" path="GeneralManager/jquery.mCustomScrollbar.min.css" isHidden="true" locale="zh_CN" title="jquery.mCustomScrollbar.min"/>
        </ExportManifestProperty>
        <ExportManifestProperty>
            <EntityAcl>
                <entriesInheriting>true</entriesInheriting>
                <owner>admin</owner>
                <ownerType>USER</ownerType>
            </EntityAcl>
        </ExportManifestProperty>
    </ExportManifestEntity>
</ns2:ExportManifest>
