<?xml version="1.0" encoding="UTF-8" standalone="yes"?>
<ns2:ExportManifest xmlns:ns2="http://www.pentaho.com/schema/">
    <ExportManifestInformation exportDate="18-06-2017 11:36:35 CST" exportBy="admin" rootFolder="/public/dashboard/" manifestVersion="2"/>
    <ExportManifestEntity path="GeneralManager">
        <ExportManifestProperty>
            <EntityMetaData name="GeneralManager" createdDate="2017-06-18T14:47:46.315+08:00" isFolder="true" path="GeneralManager" isHidden="false" locale="zh_CN" title="GeneralManager"/>
        </ExportManifestProperty>
        <ExportManifestProperty>
            <EntityAcl>
                <entriesInheriting>true</entriesInheriting>
                <owner>admin</owner>
                <ownerType>USER</ownerType>
            </EntityAcl>
        </ExportManifestProperty>
    </ExportManifestEntity>
    <ExportManifestEntity path="GeneralManager/GeneralManager.cda">
        <ExportManifestProperty>
            <EntityMetaData name="GeneralManager.cda" createdDate="2017-06-18T14:47:46.796+08:00" isFolder="false" path="GeneralManager/GeneralManager.cda" isHidden="false" locale="zh_CN" title="GeneralManager"/>
        </ExportManifestProperty>
        <ExportManifestProperty>
            <EntityAcl>
                <entriesInheriting>true</entriesInheriting>
                <owner>admin</owner>
                <ownerType>USER</ownerType>
            </EntityAcl>
        </ExportManifestProperty>
    </ExportManifestEntity>
    <ExportManifestEntity path="GeneralManager/GeneralManager.cdfde">
        <ExportManifestProperty>
            <EntityMetaData name="GeneralManager.cdfde" createdDate="2017-06-18T14:47:47.065+08:00" isFolder="false" path="GeneralManager/GeneralManager.cdfde" isHidden="false" locale="zh_CN" title="GeneralManager"/>
        </ExportManifestProperty>
        <ExportManifestProperty>
            <EntityAcl>
                <entriesInheriting>true</entriesInheriting>
                <owner>admin</owner>
                <ownerType>USER</ownerType>
            </EntityAcl>
        </ExportManifestProperty>
    </ExportManifestEntity>
    <ExportManifestEntity path="GeneralManager/GeneralManager.min.css">
        <ExportManifestProperty>
            <EntityMetaData name="GeneralManager.min.css" createdDate="2017-06-18T14:47:47.300+08:00" isFolder="false" path="GeneralManager/GeneralManager.min.css" isHidden="true" locale="zh_CN" title="GeneralManager.min"/>
        </ExportManifestProperty>
        <ExportManifestProperty>
            <EntityAcl>
                <entriesInheriting>true</entriesInheriting>
                <owner>admin</owner>
                <ownerType>USER</ownerType>
            </EntityAcl>
        </ExportManifestProperty>
    </ExportManifestEntity>
    <ExportManifestEntity path="GeneralManager/GeneralManager.wcdf">
        <ExportManifestProperty>
            <EntityMetaData name="GeneralManager.wcdf" createdDate="2017-06-18T14:47:46.460+08:00" isFolder="false" path="GeneralManager/GeneralManager.wcdf" isHidden="false" locale="zh_CN" title="GeneralManager"/>
        </ExportManifestProperty>
        <ExportManifestProperty>
            <EntityAcl>
                <entriesInheriting>true</entriesInheriting>
                <owner>admin</owner>
                <ownerType>USER</ownerType>
            </EntityAcl>
        </ExportManifestProperty>
    </ExportManifestEntity>
    <ExportManifestEntity path="GeneralManager/echarts.min.js">
        <ExportManifestProperty>
            <EntityMetaData name="echarts.min.js" createdDate="2017-06-18T15:22:03.170+08:00" isFolder="false" path="GeneralManager/echarts.min.js" isHidden="true" locale="zh_CN" title="echarts.min"/>
        </ExportManifestProperty>
        <ExportManifestProperty>
            <EntityAcl>
                <entriesInheriting>true</entriesInheriting>
                <owner>admin</owner>
                <ownerType>USER</ownerType>
            </EntityAcl>
        </ExportManifestProperty>
    </ExportManifestEntity>
    <ExportManifestEntity path="GeneralManager/jquery.mCustomScrollbar.concat.min.js">
        <ExportManifestProperty>
            <EntityMetaData name="jquery.mCustomScrollbar.concat.min.js" createdDate="2017-06-18T15:30:19.054+08:00" isFolder="false" path="GeneralManager/jquery.mCustomScrollbar.concat.min.js" isHidden="true" locale="zh_CN" title="jquery.mCustomScrollbar.concat.min"/>
        </ExportManifestProperty>
        <ExportManifestProperty>
            <EntityAcl>
                <entriesInheriting>true</entriesInheriting>
                <owner>admin</owner>
                <ownerType>USER</ownerType>
            </EntityAcl>
        </ExportManifestProperty>
    </ExportManifestEntity>
    <ExportManifestEntity path="GeneralManager/jquery.mCustomScrollbar.min.css">
        <ExportManifestProperty>
            <EntityMetaData name="jquery.mCustomScrollbar.min.css" createdDate="2017-06-18T15:31:08.782+08:00" isFolder="false" path="GeneralManager/jquery.mCustomScrollbar.min.css" isHidden="true" locale="zh_CN" title="jquery.mCustomScrollbar.min"/>
        </ExportManifestProperty>
        <ExportManifestProperty>
            <EntityAcl>
                <entriesInheriting>true</entriesInheriting>
                <owner>admin</owner>
                <ownerType>USER</ownerType>
            </EntityAcl>
        </ExportManifestProperty>
    </ExportManifestEntity>
</ns2:ExportManifest>
